appid,evidence_type,date_classification,url,title,snippet,contents_preview,matched_keywords,evidence_score,confidence_label,reason_for_score,query_group
3749720,youtube_video,outside_window,https://www.youtube.com/watch?v=WhE68uZi1Bw,The Division Resurgence: Official Launch Trailer,,PLAY NOW! The Division Resurgence is available for free on IOS and Android. Download now on ...,trailer,55,medium,YouTube (+15); Exact title match (+20); Keywords ['trailer'] (+20),
3749720,youtube_video,outside_window,https://www.youtube.com/watch?v=ZMdX_zMOF7E,The Division Resurgence - Official Launch Trailer,,"Check out the launch trailer for The Division Resurgence, a mobile free-to-play third-person shooter RPG set in a shared MMO ...",trailer,55,medium,YouTube (+15); Exact title match (+20); Keywords ['trailer'] (+20),
3749720,youtube_video,outside_window,https://www.youtube.com/watch?v=0AoHCmOa-1w,The Division Resurgence: Official World Introduction Trailer,,The fight for New York is not over! Rediscover the world-acclaimed franchise now on mobile with The Division Resurgence.,trailer,55,medium,YouTube (+15); Exact title match (+20); Keywords ['trailer'] (+20),
3749720,youtube_video,outside_window,https://www.youtube.com/watch?v=4rJygmWDvKI,The Division Resurgence: Tactical Action CGI Trailer | Ubisoft Forward,,Pre-register now to unlock unique rewards at launch! https://www.thedivisionresurgence.com/ The Division Resurgence is a ...,trailer,55,medium,YouTube (+15); Exact title match (+20); Keywords ['trailer'] (+20),
3749720,youtube_video,outside_window,https://www.youtube.com/watch?v=GQBK58MRhuI,The Division Resurgence Gameplay Walkthrough Part 1 (iPhone 17 Pro Max),,The Division Resurgence Gameplay Walkthrough Part 1 - Recorded on the iPhone 17 Pro Max Thanks to Ubisoft the Code ...,gameplay,55,medium,YouTube (+15); Exact title match (+20); Keywords ['gameplay'] (+20),
3749720,youtube_video,outside_window,https://www.youtube.com/watch?v=THGhipHLjNA,FIRST TIME playing THE DIVISION MOBILE 🤯 (THE DIVISION RESURGENCE GAMEPLAY),,Download The Division Resurgence here - https://tdr-wwl.onelink.me/3G20/ParkertheSlayerClips TikTok - @thedivmobile ...,gameplay,55,medium,YouTube (+15); Exact title match (+20); Keywords ['gameplay'] (+20),
3749720,youtube_video,outside_window,https://www.youtube.com/watch?v=h8mvUMd73bw,The Division Resurgence Gameplay Walkthrough Part 1 - No Commentary,,The Division Resurgence gameplay walkthrough part 1. About the game: The Division Resurgence is a mobile free-to-play ...,gameplay,55,medium,YouTube (+15); Exact title match (+20); Keywords ['gameplay'] (+20),
3749720,youtube_video,outside_window,https://www.youtube.com/watch?v=gWU0r8HRNIk,Demolitionist He Munition - Build Overview &amp; Test Damage Solo Heroic Nest - The Division Resurgence ,,"Sorry for low quality video because of my device, but enjoy my video !! For better device : https://ko-fi.com/leozen Beli bakso ...",demo,55,medium,YouTube (+15); Exact title match (+20); Keywords ['demo'] (+20),
3749720,reddit_discussion,unknown_date,https://www.reddit.com/r/thedivision/comments/1n3sypt/the_division_resurgence,‏The Division Resurgence : r/thedivision,The Division: Resurgence - Official Release Date Reveal : The Division Resurgence is Launching March 31 · The Division: Resurgence will it be ...Read more,,release date,50,medium,Reddit (+10); Exact title match (+20); Keywords ['release date'] (+20),social
3749720,social_post,unknown_date,https://x.com/DivMobile_news,The Division Resurgence News (@DivMobile_news) / X,"Jul 20, 2024

  The Division Resurgence isn't coming any time soon. This is really disappointing to hear after so long that Ubisoft still does not have a release schedule for the game.

  user avatar

  GamingonPhone

  @GamingonPhone

  Jul 20, 2024 [...] Jul 20, 2024

  Ubisoft postpones the release of Rainbow Six Mobile and The Division Resurgence indefinitely. Ubisoft mentions they're taking the time to ensure these experiences meet expectations, delivering optimized KPIs for a demanding yet expansive market. 🔗gamingonphone.com/news/ubisoft-p…

  Ubisoft postpones the release of Rainbow Six Mobile and The Division Resurgence

  12K
 user avatar

  The Division Resurgence News

  @DivMobile\_news

  Jun 10, 2024 [...] May 30, 2024

  Ubisoft Forward 2024 Trailer does not mention The Division Resurgence clearly, but we still hope that this game will come under the ""more"" section. Do you think we'll have new updates for The Division Resurgence in this showcase?

  

  00:00
 user avatar

  The Division Resurgence News

  @DivMobile\_news

  May 26, 2024

  Okay then. 🥲

  
 # See @DivMobile\_news's full profile

  Sign up

  Log in",,"trailer, showcase",45,medium,"Social Index (+5); Exact title match (+20); Keywords ['trailer', 'showcase'] (+20)",social
3749720,social_post,unknown_date,https://x.com/TheDivMobile/status/2076335780595716229,The Division Resurgence on X,"The Division Resurgence on X: So get crafty and send us your best pic, video, cosplay or gameplay video with #TDRAgent",,gameplay,45,medium,Social Index (+5); Exact title match (+20); Keywords ['gameplay'] (+20),social
3749720,social_post,unknown_date,https://en.wikipedia.org/wiki/Tom_Clancy%27s_The_Division_Resurgence,Tom Clancy's The Division Resurgence,"The Division Resurgence is an third-person action-roleplaying game set within Midtown, New York, which can be explored by players. The player is a member of the Strategic Homeland Division (or simply, the Division), meant to help restore order after a pandemic of ""Green Flu"" has caused the United States to collapse into anarchy. Players can carry two weapons, and have access to various gadgets to help combat enemies, such as seeker mines and automated mortar turrets. Like previous games, [...] Tom Clancy's The Division Resurgence is a 2026 third-person shooter video game developed and published by Ubisoft. It takes place in the same world as Tom Clancy's The Division and Tom Clancy's The Division 2, though its story is independent of the two games. [...] 1. ↑ Phillips, Kara (June 30, 2023). ""Tom Clancy's The Division Resurgence - everything we know"". TechRadar. Retrieved October 22, 2023.
2. ↑ Clark, Mitchell (July 6, 2022). ""The Division mobile game gets a name and a trailer"". The Verge. Retrieved July 7, 2022.
3. ↑ Gonzalez, Oscar. ""Tom Clancy's The Division Goes Mobile with Resurgence"". CNET. Retrieved July 7, 2022.
4. ↑ Lyles, Taylor (July 6, 2022). ""The Division Resurgence Is Ubisoft's Newest Mobile Game"". IGN. Retrieved July 7, 2022.",,trailer,45,medium,Social Index (+5); Exact title match (+20); Keywords ['trailer'] (+20),social
3749720,steam_news,outside_window,https://steamstore-a.akamaihd.net/news/externalpost/PC Gamer/1834602721192034,Ubisoft's free-to-play Division shooter is coming to Steam,,"The free-to-play shooter The Division Resurgence has taken another step on its strange journey, as Ubisoft announced today that it's set to launch on Steam later this year... <a href=""https://www.pcgamer.com/games/third-person-shooter/ubisofts-free-to-play-division-shooter-is-coming-to-steam/?utm_so",,40,medium,Official Steam News (+20); Exact title match (+20),
3749720,steam_news,outside_window,https://steamstore-a.akamaihd.net/news/externalpost/steam_community_announcements/1834602721191380,Wishlist Available Now!,,"Agents, The Division Resurgence is now available to wishlist on Steam, with plans to launch later this year! Over the next few weeks we will be hard at work polishing the last elements of the game for a truly seamless experience, whatever your preferred platform may be. The game is fully cross-platf",,40,medium,Official Steam News (+20); Exact title match (+20),
3749720,web_result,unknown_date,https://www.ign.com/games/tom-clancys-the-division-resurgence/trailers,Tom Clancy's The Division Resurgence [Trailers] - IGN,"2

The Division Resurgence Introduces New Enemy Faction in Animated Trailer

3:58

Mar 26, 2026

The Division Resurgence Introduces New Enemy Faction in Animated Trailer

Mar 26, 2026

Mar 3, 2026

The Division: Resurgence - Official Gameplay Overview Trailer

Mar 3, 2026- Take on missions with friends across a New York City on the brink of collapse.

2

Mar 3, 2026

The Division: Resurgence - Official Release Date Reveal Trailer [...] The Division Resurgence - Official Season 1 Phase 3 Launch Trailer

1:44

Jun 24, 2026

The Division Resurgence - Official Season 1 Phase 3 Launch Trailer

Jun 24, 2026

The Division Resurgence - Official Steam Announcement Teaser Trailer

0:21

Jun 5, 2026

The Division Resurgence - Official Steam Announcement Teaser Trailer

Jun 5, 2026

The Division Resurgence - Official Season 1 Phase 2 Launch Trailer

1:00

May 12, 2026

The Division Resurgence - Official Season 1 Phase 2 Launch Trailer [...] May 12, 2026- New speedrunning events, a special Dark Zone quest, and more.

9

The Division Resurgence - Official Season 1 Launch Trailer

0:46

Apr 7, 2026

The Division Resurgence - Official Season 1 Launch Trailer

Apr 7, 2026- Available now for iOS and Android.

The Division Resurgence - Official Launch Trailer

1:24

Mar 31, 2026

The Division Resurgence - Official Launch Trailer

Mar 31, 2026- The mobile free-to-play third-person shooter RPG is out now.

2",,"trailer, gameplay, announcement, release date",40,medium,"Exact title match (+20); Keywords ['trailer', 'gameplay', 'announcement', 'release date'] (+20)",general
3749720,web_result,unknown_date,https://www.youtube.com/playlist?list=PLBnrd5k2F2INwQG-ESHDaYqP_l1U9El1U,The Division Resurgence,The Division Resurgence: Season 1 Phase 3 is. The Division Resurgence: Official Launch Trailer Ubisoft 4.3M views • 3 months ago,,trailer,40,medium,Exact title match (+20); Keywords ['trailer'] (+20),general
3749720,web_result,unknown_date,https://www.youtube.com/watch?v=THGhipHLjNA,FIRST TIME playing THE DIVISION MOBILE 🤯 (THE DIVISION RESURGENCE GAMEPLAY),"running. We already know that the grenades are very effective. I'm just going to toss another one right in the center. I think I can afford to be a little bit more aggressive here. Last guy's going to be hiding up behind this barrier. Okay, boys, we're just going to keep on moving forward. Retrieve it the equipment. So, one of these guys loot all We're going to equip this little backpack here. We're just going to continue moving forward to the location. The longer we sit on our asses, the more [...] We're taking all of them to the checkpoint. Hold here while we clear the way. Very well. I should go with them. Our next mission is to reach the JTF pickup point. Just going to be right outside here. JTF is sending trucks to the Manhattan Bridge checkpoint. That's where we're taking Mrs. Chen and her little flock. I know that y'all been seeing so much grenade gameplay here for me, but I'm telling y'all gre- grenades are just so good here in this game. Like, look at how low I was able to get all [...] to tackle the crisis. We will not stand idly by while our great country crumbles. Decisive measures must be employed. That is why the president today has decided to invoke directive 51. Though they finally activated us, an elite group of embedded agents. When all else fails, we are the last resort. Dynamo! Dynamo! And as we finally hop in game here, I want to give a big thank you to The Division Resurgence for sponsoring today's YouTube video. All righty boys, we have just loaded on into the",,gameplay,40,medium,Exact title match (+20); Keywords ['gameplay'] (+20),general
3749720,web_result,unknown_date,https://www.youtube.com/watch?v=GQBK58MRhuI,The Division Resurgence Gameplay Walkthrough Part 1 (iPhone 17 Pro Max),"### Description
70784 views
Posted: 31 Mar 2026
The Division Resurgence Gameplay Walkthrough Part 1 - Recorded on the iPhone 17 Pro Max
Thanks to Ubisoft the Code
Welcome to Part 1 of my The Division Resurgence walkthrough! In this episode, we dive straight into the chaos of a collapsing New York City, explore the opening missions, and get our first taste of combat, gear, and survival in this mobile adaptation of the Division universe. [...] guys can see the gameplay in action anyway. So, we're running at 45 FPS with high graphics. And it obviously used um a lot of the assets, I guess, from the first game. Text not found. Oh, that's good. Can I buy that? You going to let me buy that? Oh, thank you very much. Successfully built. Is that first blue weapon? I'm sure there'll be lots of Easter eggs to the first game as well. I was a big fan of the first game. I definitely prefer the first game to the second one, that's for sure. And [...] not? This is Myers, acting section chief, Roland and Hunt. Welcome to the board. As you can see, the situation is fast going south. It now falls on us in the division to prevent a total societal collapse. Where is Agent Let's go. Goodbye, cat. Look after yourself now. You have to fend for yourself. is a woman named Angela Chan from Chinatown. She's a local community leader deemed vital to the rebuilding effort to come. Agent Kelly is already at the Spring Blossom restaurant. Woah. Make contact",,gameplay,40,medium,Exact title match (+20); Keywords ['gameplay'] (+20),general
3749720,web_result,unknown_date,https://www.youtube.com/watch?v=KeE0pw_qn3k,The Division Resurgence Full Walkthrough Gameplay - No ...,"This is the full video of The Division Resurgence, grinding included. As this is a free live service (gacha) game, heavy farming is involved.",,gameplay,40,medium,Exact title match (+20); Keywords ['gameplay'] (+20),general
3749720,web_result,unknown_date,https://www.youtube.com/watch?v=WhE68uZi1Bw&vl=en,The Division Resurgence: Official Launch Trailer,"The Division Resurgence is a mobile free-to-play third-person shooter RPG set in a shared MMO open-world. It takes place in a contemporary post-crisis New-York city, after a virus outbreak has created chaos and the collapse of the American government. [...] In this whole new spectacular experience of the Division creatively crafted for mobile, you embody an agent of the « Strategic Homeland Division » and your mission is to restore order, combat hostile factions, protect civilians and help them build a better future. [...] In solo or in coop, in PVP or PVE, enter The Division Resurgence, the new shooter RPG, roam freely in the impressive NYC open-world, choose the tactical gameplay that fits you most, and take all the opportunities to combat chaos and save New York from the hands of the villains. 
Twitter:  
Discord:",,"trailer, gameplay",40,medium,"Exact title match (+20); Keywords ['trailer', 'gameplay'] (+20)",general
3749720,web_result,unknown_date,https://en.wikipedia.org/wiki/Tom_Clancy%27s_The_Division_Resurgence,Tom Clancy's The Division Resurgence - Wikipedia,"Tom Clancy's The Division Resurgence is a 2026 third-person shooter video game developed and published by Ubisoft. It takes place in the same world as Tom Clancy's The Division and Tom Clancy's The Division 2, though its story is independent of the two games. [...] The Division Resurgence is an third-person action-roleplaying game set within Midtown, New York, which can be explored by players. The player is a member of the Strategic Homeland Division (or simply, the Division), meant to help restore order after a pandemic of ""Green Flu"" has caused the United States to collapse into anarchy. Players can carry two weapons, and have access to various gadgets to help combat enemies, such as seeker mines and automated mortar turrets. Like previous games, [...] The game was announced with a trailer on July 7, 2022, and was initially expected to debut in 2024, but Ubisoft delayed the game multiple times. It was released on March 31, 2026, for Android ""Android (operating system)"") and iOS devices. The game later arrived on Microsoft Windows in early access via Ubisoft Connect on April 28, 2026, and officially launched on Steam and Ubisoft Connect on July 16, 2026.[non-primary source needed]

## Gameplay

[edit]",,"trailer, gameplay",40,medium,"Exact title match (+20); Keywords ['trailer', 'gameplay'] (+20)",general
3749720,web_result,unknown_date,https://www.youtube.com/watch?v=xZrUeiqXNFE,The Division Resurgence - Official Steam Announcement Teaser Trailer,"### Description
37487 views
Posted: 5 Jun 2026
Your next deployment starts here. Check out the latest trailer for The Division Resurgence, a free-to-play third-person shooter RPG that features a whole new and independent campaign from Tom Clancy’s The Division 1 and Tom Clancy’s The Division 2, offering a new perspective on key story events. The Division Resurgence is coming soon to Steam. It is available now for free download on PC Early Access via Ubisoft Connect, iOS and Android devices. [...] # The Division Resurgence - Official Steam Announcement Teaser Trailer
## IGN
19900000 subscribers
539 likes",,"trailer, announcement",40,medium,"Exact title match (+20); Keywords ['trailer', 'announcement'] (+20)",general
3749720,web_result,unknown_date,https://play.google.com/store/apps/details?id=com.ubisoft.the.division.mobile.combat.shooting.open.world.rpg&hl=en_US,The Division Resurgence - Apps on Google Play,"Engage in intense PVE combat, competitive PVP modes, and enter the iconic Dark Zone PvPvE experience, where high-risk encounters lead to high-end rewards — if you can extract them.  
  
The Division Resurgence is designed as a living game, with regular additional content expanding the story, the world, and the challenges ahead. [...] Customize your agent and choose a specialization that fits your playstyle — from tanky Bulwarks to high-firepower Demolitionists. Each specialization features unique skills and powerful ultimate abilities, letting you adapt your role at any time while unlocking new talents in your skill tree.  
  
Protect civilians from dangerous factions, such as the Cleaners who want to burn everything down, or the Rikers driven by greed, as you fight back against the chaos spreading across the city. [...] ## What’s new

Fresh action hits the city.  
  
Season 1.3 is bringing new challenges in The Division Resurgence.  
Unlock up to 50 tiers of rewards in the Classified Ops Pass, including the free new exotic weapon: Scorpio, a venomous shotgun that stacks debuffs and devastates enemies!  
Engage in new Time-Limited Events to harden your skills. From the Trigger Happy challenge to 3 new Speedrun Missions, be highly rewarded for each success!

flagFlag as inappropriate

Content rating",,demo,40,medium,Exact title match (+20); Keywords ['demo'] (+20),general
3749720,web_result,unknown_date,https://en.wikipedia.org/wiki/Tom_Clancy%27s_The_Division_Resurgence,Tom Clancy's The Division Resurgence - Wikipedia,"The game was announced with a trailer on July 7, 2022, and was initially expected to debut in 2024, but Ubisoft delayed the game multiple times. It was released on March 31, 2026, for Android ""Android (operating system)"") and iOS devices. The game later arrived on Microsoft Windows in early access via Ubisoft Connect on April 28, 2026, and officially launched on Steam and Ubisoft Connect on July 16, 2026.[non-primary source needed]

## Gameplay

[edit] [...] | Developer | Ubisoft |
| Publisher | Ubisoft |
| Series | Tom Clancy's |
| Engine | Unreal Engine 4 |
| Platforms |  Android ""Android (operating system)"")  iOS  Microsoft Windows |
| Release | March 31, 2026 |
| Genre | Third-person shooter |
| Mode | Multiplayer video game | [...] Tom Clancy's The Division Resurgence is a 2026 third-person shooter video game developed and published by Ubisoft. It takes place in the same world as Tom Clancy's The Division and Tom Clancy's The Division 2, though its story is independent of the two games.",,"trailer, gameplay",40,medium,"Exact title match (+20); Keywords ['trailer', 'gameplay'] (+20)",general
3749720,web_result,unknown_date,https://www.youtube.com/watch?v=mdiYjZBa_Uk,The Division Resurgence - Official Steam Announcement Teaser Trailer,"### Description
7032 views
Posted: 5 Jun 2026
Your next deployment starts here. Check out the latest trailer for The Division Resurgence, a free-to-play third-person shooter RPG that features a whole new and independent campaign from Tom Clancy’s The Division 1 and Tom Clancy’s The Division 2, offering a new perspective on key story events. The Division Resurgence is coming soon to Steam. It is available now for free download on PC Early Access via Ubisoft Connect, iOS and Android devices. [...] # The Division Resurgence - Official Steam Announcement Teaser Trailer
## GameTrailers
1310000 subscribers
72 likes [...] 24 comments
### Transcript:",,"trailer, announcement",40,medium,"Exact title match (+20); Keywords ['trailer', 'announcement'] (+20)",general
3749720,web_result,unknown_date,https://www.youtube.com/watch?v=0AoHCmOa-1w,The Division Resurgence: Official World Introduction Trailer,"The Division Resurgence is a free-to-play third-person shooter RPG that features a whole new and independent campaign from Tom Clancy’s The Division 1 and Tom Clancy’s The Division 2, offering a new perspective on key story events. It takes place in a contemporary post-crisis America where a virus outbreak has created chaos and the collapse of the government. As an agent of the ""Strategic Homeland Division” your mission is to restore peace, to protect civilians against hostile factions, and to [...] ### Description
267497 views
Posted: 7 Dec 2022
The fight for New York is not over! Rediscover the world-acclaimed franchise now on mobile with The Division Resurgence. Enjoy a AAA experience featuring a new storyline set in a massive urban open-world. 
 
REGISTER NOW TO HAVE A CHANCE TO PLAY THE GAME EARLY
 
 
 FOLLOW US ON TWITTER ​ [...] A Whole new storyline​:
 For newcomers and veterans, discover a new PVE campaign. Be part of the legendary first wave of SHD agents and get a unique perspective of the events around The Division 1 & 2.​
 
 A vast open-world with high-quality graphics​:
 Explore the open-world in Solo or Coop to play a variety of PVE activities, from story missions to world activities. Roam around an outstandingly detailed urban environment with stunning graphics.​​",,trailer,40,medium,Exact title match (+20); Keywords ['trailer'] (+20),general
3749720,web_result,unknown_date,https://www.youtube.com/watch?v=WhE68uZi1Bw&vl=en,The Division Resurgence: Official Launch Trailer,"The Division Resurgence is a mobile free-to-play third-person shooter RPG set in a shared MMO open-world. It takes place in a contemporary post-crisis New-York city, after a virus outbreak has created chaos and the collapse of the American government. [...] In solo or in coop, in PVP or PVE, enter The Division Resurgence, the new shooter RPG, roam freely in the impressive NYC open-world, choose the tactical gameplay that fits you most, and take all the opportunities to combat chaos and save New York from the hands of the villains. 
Twitter:  
Discord: [...] In this whole new spectacular experience of the Division creatively crafted for mobile, you embody an agent of the « Strategic Homeland Division » and your mission is to restore order, combat hostile factions, protect civilians and help them build a better future.",,"trailer, gameplay",40,medium,"Exact title match (+20); Keywords ['trailer', 'gameplay'] (+20)",general
3749720,web_result,unknown_date,https://www.youtube.com/watch?v=mdiYjZBa_Uk,The Division Resurgence - Official Steam Announcement Teaser Trailer,"### Description
7032 views
Posted: 5 Jun 2026
Your next deployment starts here. Check out the latest trailer for The Division Resurgence, a free-to-play third-person shooter RPG that features a whole new and independent campaign from Tom Clancy’s The Division 1 and Tom Clancy’s The Division 2, offering a new perspective on key story events. The Division Resurgence is coming soon to Steam. It is available now for free download on PC Early Access via Ubisoft Connect, iOS and Android devices. [...] # The Division Resurgence - Official Steam Announcement Teaser Trailer
## GameTrailers
1310000 subscribers
72 likes [...] 24 comments
### Transcript:",,"trailer, announcement",40,medium,"Exact title match (+20); Keywords ['trailer', 'announcement'] (+20)",general
3749720,web_result,unknown_date,https://www.youtube.com/watch?v=AY0XQ89dTpc&vl=en,The Division Resurgence PC Gameplay Review [Free to Play],"The Division Resurgence PC Gameplay Review, Frame rate FPS performance & resolution fidelity details of this free to play spin-off of the tactical Tom Clancy shooter game featuring an expansive open world with seamless multiplayer elements. For newcomers and veterans, discover a new PVE campaign. Be part of the legendary first wave of SHD agents and get a unique perspective of the events around The Division 1 & 2. Explore the open-world in Solo or Coop and roam around an outstandingly detailed [...] The Division Resurgence PC Gameplay Review with the Dark Zone comes to mobile! Test your skills in the Conflict modes Skirmish & Domination for a pure competitive experience. Or enter the infamous Dark Zone, a unique PvPvE open world area. Alone or as a team, take down powerful enemies to reap high end gear & rewards before other players (or even team members) claim them from you! [...] This is The Division Resurgence. We're here on PC diving in and playing what is a mobile port that has been taken to PC rather quickly. And we're going to be diving in and talk about this. We showed it off on the iPhone 16 Pro and now we're going to be diving in with the RTX 4090 with the i9 13900K. Uh be sure to like the video. Subscribing is great as well. So it did seem to actually know what my mobile character was even though I didn't really sign in. I was just using a guest kind of account",,gameplay,40,medium,Exact title match (+20); Keywords ['gameplay'] (+20),general
3749720,web_result,unknown_date,https://godisageek.com/2023/06/the-division-resurgence-is-a-mobile-game-for-the-fans-hands-on-preview,The Division Resurgence is a mobile game for the fans | Hands-on preview | GodisaGeek.com,"The Division Resurgence lacks the decayed beauty of the larger games, but loses little of the gameplay flavour. The loot system remains almost unchanged, with an onus on collecting sets for the bonuses they offer, and upgrading to succeed. It is very much the game you played before, with a different selection of Specialities but the same familiar gameplay nestled within each. After character creation I chose Vanguard, a class that carries a section of deployable cover, but I rarely found a use [...] That The Division Resurgence has a full campaign as well as open world gameplay is both welcome and encouraging. With the added emphasis on cosmetic microtransactions, this could easily have been a PvP-focused cash grab, but there’s actually been some work put into it. The cover system is smooth, and shooting feels precise and responsive. [...] The Division: Resurgence 

The Division: Resurgence 

There were a few noticeable issues though, and not all technical. Your “partner” for the first few missions is Agent Kelly, one of those no-nonsense characters that the writers couldn’t decide on a personality for. She’s either rude to the point of frustration or offering to buy you a cold one, and her repeated cries of “Found some cover!” made it fortunate that I couldn’t turn around and shoot her myself.",,gameplay,40,medium,Exact title match (+20); Keywords ['gameplay'] (+20),general
3749720,web_result,unknown_date,https://en.wikipedia.org/wiki/Tom_Clancy%27s_The_Division_Resurgence,Tom Clancy's The Division Resurgence,"Tom Clancy's The Division Resurgence is a 2026 third-person shooter video game developed and published by Ubisoft. It takes place in the same world as Tom Clancy's The Division and Tom Clancy's The Division 2, though its story is independent of the two games. [...] | Developer | Ubisoft |
| Publisher | Ubisoft |
| Series | Tom Clancy's |
| Engine | Unreal Engine 4 |
| Platforms |  Android ""Android (operating system)"")  iOS  Microsoft Windows |
| Release | March 31, 2026 |
| Genre | Third-person shooter |
| Mode | Multiplayer video game | [...] The game was announced with a trailer on July 7, 2022, and was initially expected to debut in 2024, but Ubisoft delayed the game multiple times. It was released on March 31, 2026, for Android ""Android (operating system)"") and iOS devices. The game later arrived on Microsoft Windows in early access via Ubisoft Connect on April 28, 2026, and officially launched on Steam and Ubisoft Connect on July 16, 2026.[non-primary source needed]

## Gameplay

[edit]",,"trailer, gameplay",40,medium,"Exact title match (+20); Keywords ['trailer', 'gameplay'] (+20)",general
3749720,web_result,unknown_date,https://www.ubisoft.com/en-us/game/the-division/resurgence/credits,The Division Resurgence - credits (US),"Legal NoticesDevelopment

TOM CLANCY'S THE DIVISION: RESURGENCE

Developement team

Carlos ACOSTA - Gameplay Programmer

Alexandre AFONSO - Junior Content Game Designer

Louis ALI BEN ABDHALLAH - Senior Online Programmer

Adriana-Adelina ALEXANDRESCU - Mobile Specialist

Laura AMBROSE - Technical Artist, Ui

Alina-Cristina ANDREIU - Mobile Specialist

Sever-Andrei ANTONESCU - Game Tester

Shailesh APTE - Senior Lead Mobile Specialist

Jean AUQUIER - System Designer [...] Quan Wei YUAN - Engine Programmer

Sebastian ZGABEI - Senior Game Tester

Qi ZHANG - Network Programmer

ZHANG Zekun - Engine Programmer

ZHOU Ru Qiang - Lead Online Programmer

ZHOU Song - Senior Rendering Programmer

ZHOU Xuexuan - Full Stack Developer

Alexandre ZALIO - Tech Lead

Souhail ZRIBI - World Associate Director

Localization

Ubisoft Localization Team

Xiao Dong WANG - China Localization Manager

Li Wei LIU - Senior Project Localization Manager [...] Anthony REY - Tools Developer

Christopher RICHARDS - Associate Producer

Giancarlo RIZZI - Tech Lead

Thomas ROGERS - Senior Development Tester

Edwin ROPERS - Release Build Specialist

Bogdan-Mihail ROSCA - Game Tester

Anne RUBIO FUERTES - Tools Programmer

Maksim RUTS - Senior Gameplay Programmer

Vishnu S - Junior Development Tester

Andrei Sain - Senior Game Tester

Andrei SARU - Mobile Specialist

Andrei SAVU - Game Tester

Samuel SCHOENEBERGER - Senior Build Engineer",,gameplay,40,medium,Exact title match (+20); Keywords ['gameplay'] (+20),general
3749720,web_result,unknown_date,https://mobilegamer.biz/the-division-resurgence-is-ubisofts-second-shot-at-the-mobile-shooter-market-will-it-work,The Division Resurgence is Ubisoft’s second shot at the mobile shooter market – will it work? – Mobilegamer.biz,"The Division Resurgence’s development, however, has been split between Ubisoft studios in Vietnam, Singapore, Newcastle, Bordeaux and Chengdu, says producer Pierre-Hugues Puechlong. All of these studios will contribute to the post-launch live ops, too.

When asked if there was any one team taking the lead, Puechlong said that “the lead team is a group of people throughout Ubisoft mobile games”. [...] He also confirmed that Tencent is “not part of the development of the game”, but Ubisoft is using some of the Chinese giant’s tools, particularly its anti-cheat tech.

The Division Resurgence is out now after several beta periods; the last two of these testing phases were in September and December 2025. “We received tons of feedback on the gameplay, user experience, and even on the tech front,” says Puechlong. It is playable with a game pad as well as with the touchscreen. [...] (Ubisoft also attempted to bring Far Cry to mobile, we revealed in 2022, a project that ended up being reworked and released as top-down shooter Wild Arena Survivors.)

The project is somewhat different to your usual Ubisoft affair; the typical process is that a game will be led by one studio – often the firm’s Montreal mega-office – while developers around the world chip in with specific aspects of the game.",,gameplay,40,medium,Exact title match (+20); Keywords ['gameplay'] (+20),general
3749720,youtube_video,outside_window,https://www.youtube.com/watch?v=qkXE60dah2M,The Division Resurgence: FREEMEN Faction Introduction,,The Division Resurgence releases on March 31st! Learn more about its new enemy boss. Pre-register to unlock unique rewards ...,,35,medium,YouTube (+15); Exact title match (+20),
3749720,youtube_video,outside_window,https://www.youtube.com/watch?v=-2CXmgaZ7q0,I Finally Played The Division Resurgence! | Review &amp; First Impressions,,Download The Division Resurgence FREE:   https://tdr-wwl.onelink.me/3G20/Tekkan Tom Clancy's The Division Resurgence is ...,,35,medium,YouTube (+15); Exact title match (+20),
3749720,youtube_video,outside_window,https://www.youtube.com/watch?v=lOm8wiFywkg,The Division: Resurgence - Official Gameplay Overview Trailer,,"Watch the Gameplay Overview Trailer for The Division: Resurgence, a free-to-play mobile action third-person co-op in the ...","trailer, gameplay",35,medium,"YouTube (+15); Keywords ['trailer', 'gameplay'] (+20)",
3749720,youtube_video,outside_window,https://www.youtube.com/watch?v=TqeNr6KPB_4,14 Tips I WISH I KNEW Before Starting The Division Resurgence...,,"Years after its initial reveal, The Division Resurgence has finally launched worldwide. Today, I'm breaking down 14 core game ...",,35,medium,YouTube (+15); Exact title match (+20),
3749720,youtube_video,outside_window,https://www.youtube.com/watch?v=TfEzShVpPGc,The Division Resurgence 2026 - Best Tips/Guide For New Players,,"Division resurgence 2026 beginner guide/tips for new players, a guide for players having trouble farming for the right resources, ...",,35,medium,YouTube (+15); Exact title match (+20),
3749720,youtube_video,outside_window,https://www.youtube.com/watch?v=-2CXmgaZ7q0,I Finally Played The Division Resurgence! | Review &amp; First Impressions,,Download The Division Resurgence FREE:   https://tdr-wwl.onelink.me/3G20/Tekkan Tom Clancy's The Division Resurgence is ...,,35,medium,YouTube (+15); Exact title match (+20),
3749720,youtube_video,outside_window,https://www.youtube.com/watch?v=ryCZEJRvuG0,The Division Resurgence - Normal Vs High Graphics #games #tomclancy #ubisoft #thedivision,,,,35,medium,YouTube (+15); Exact title match (+20),
3749720,reddit_discussion,unknown_date,https://www.reddit.com/r/thedivisionresurgence,r/thedivisionresurgence,r/thedivisionresurgence: The unofficial home for discussing Tom Clancy's The Division Resurgence; a third person shooter RPG for mobile and,,,30,weak,Reddit (+10); Exact title match (+20),social
3749720,reddit_discussion,unknown_date,https://www.reddit.com/r/thedivisionresurgence/rising,The Division Resurgence,The unofficial home for discussing Tom Clancy&#39;s The Division Resurgence; a third person shooter RPG for mobile and PC. can also unlock Steam Trading Cards,,,30,weak,Reddit (+10); Exact title match (+20),social
3749720,reddit_discussion,unknown_date,https://www.reddit.com/r/thedivisionresurgence/comments/1texah7/the_division_resurgence,The division resurgence : r/thedivisionresurgence,You should be enjoying the game. Those that spend a lot of money on this game only wanna get ahead of everyone else to get the best gear set and ...Read more,,,30,weak,Reddit (+10); Exact title match (+20),social
3749720,web_result,unknown_date,https://x.com/TheDivMobile?lang=en,The Division Resurgence (@TheDivMobile) / X,"90K
 user avatar

  The Division Resurgence

  Ubisoft

  @TheDivMobile

  Jul 30

  Discover what's coming in #TDResurgence ! JOIN US NOW: twitch.tv/thedivisiongame

  user avatar

  The Division Resurgence

  Ubisoft

  @TheDivMobile

  Jul 25

  🟠 Agents, it's time for a new Intel Drop for #TDResurgence! Join us on Twitch Thursday at 5 PM CEST for the latest on the Steam release. See you there!

  
 # See @TheDivMobile's full profile

  Sign up

  Log in [...] 12K
 user avatar

  The Division Resurgence

  Ubisoft

  @TheDivMobile

  14h

  🦂 Bring ithe Scorpio's signature sting to the battlefield! 1M total kills with a Scorpio equipped means a free Scorpio TAM to all who took part 🎁

  

  8.3K
 user avatar

  The Division Resurgence

  Ubisoft

  @TheDivMobile

  Jul 30

  Agents, update your calendars! #TDResurgence is coming to #Steam on August 5th 🔥🎮 Wishlist now ➡️ store.steampowered.com/app/3749720

  

  00:00

  90K
 user avatar [...] Log inSign up

The Division Resurgence

Ubisoft



user avatar

The Division Resurgence

Ubisoft

The fight for New York continues. Experience the acclaimed franchise on mobile and PC with The Division Resurgence! linktr.ee/TheDivMobile

Base Of Operations

discord.com/invite/tdresur…

Joined June 2022

38

Following42.4K

Followers

RepliesRepliesMediaMedia

 user avatar

  The Division Resurgence

  Ubisoft

  @TheDivMobile

  11h",,,25,weak,Social Index (+5); Exact title match (+20),general
3749720,web_result,unknown_date,https://x.com/TheDivMobile?lang=en,The Division Resurgence (@TheDivMobile) / X,"12K
 user avatar

  The Division Resurgence

  Ubisoft

  @TheDivMobile

  14h

  🦂 Bring ithe Scorpio's signature sting to the battlefield! 1M total kills with a Scorpio equipped means a free Scorpio TAM to all who took part 🎁

  

  8.3K
 user avatar

  The Division Resurgence

  Ubisoft

  @TheDivMobile

  Jul 30

  Agents, update your calendars! #TDResurgence is coming to #Steam on August 5th 🔥🎮 Wishlist now ➡️ store.steampowered.com/app/3749720

  

  00:00

  90K
 user avatar [...] 90K
 user avatar

  The Division Resurgence

  Ubisoft

  @TheDivMobile

  Jul 30

  Discover what's coming in #TDResurgence ! JOIN US NOW: twitch.tv/thedivisiongame

  user avatar

  The Division Resurgence

  Ubisoft

  @TheDivMobile

  Jul 25

  🟠 Agents, it's time for a new Intel Drop for #TDResurgence! Join us on Twitch Thursday at 5 PM CEST for the latest on the Steam release. See you there!

  
 # See @TheDivMobile's full profile

  Sign up

  Log in [...] 11h

  🖥️ Suiting up on PC? Here's everything you need to run #TDResurgence at its best on #Steam. Check the specs below and gear up, Agent. 👇 store.steampowered.com/app/3749720

  

  31K
 user avatar

  The Division Resurgence

  Ubisoft

  @TheDivMobile

  11h

  🎁 We've revamped the Twitch Drops for the Steam launch! Watch your favorite #TDResurgence creators during launch week and earn in-game rewards just for tuning in. Wishlist now ➡️ store.steampowered.com/app/3749720",,,25,weak,Social Index (+5); Exact title match (+20),general
3749720,web_result,unknown_date,https://x.com/TheDivMobile?lang=en,The Division Resurgence (@TheDivMobile) / X,"Log inSign up

The Division Resurgence

Ubisoft



user avatar

The Division Resurgence

Ubisoft

The fight for New York continues. Experience the acclaimed franchise on mobile and PC with The Division Resurgence! linktr.ee/TheDivMobile

Base Of Operations

discord.com/invite/tdresur…

Joined June 2022

38

Following42.4K

Followers

RepliesRepliesMediaMedia

 user avatar

  The Division Resurgence

  Ubisoft

  @TheDivMobile

  11h [...] 90K
 user avatar

  The Division Resurgence

  Ubisoft

  @TheDivMobile

  Jul 30

  Discover what's coming in #TDResurgence ! JOIN US NOW: twitch.tv/thedivisiongame

  user avatar

  The Division Resurgence

  Ubisoft

  @TheDivMobile

  Jul 25

  🟠 Agents, it's time for a new Intel Drop for #TDResurgence! Join us on Twitch Thursday at 5 PM CEST for the latest on the Steam release. See you there!

  
 # See @TheDivMobile's full profile

  Sign up

  Log in [...] 11h

  🖥️ Suiting up on PC? Here's everything you need to run #TDResurgence at its best on #Steam. Check the specs below and gear up, Agent. 👇 store.steampowered.com/app/3749720

  

  31K
 user avatar

  The Division Resurgence

  Ubisoft

  @TheDivMobile

  11h

  🎁 We've revamped the Twitch Drops for the Steam launch! Watch your favorite #TDResurgence creators during launch week and earn in-game rewards just for tuning in. Wishlist now ➡️ store.steampowered.com/app/3749720",,,25,weak,Social Index (+5); Exact title match (+20),general
3749720,web_result,unknown_date,https://x.com/TheDivMobile?lang=en,The Division Resurgence (@TheDivMobile) / X,"Log inSign up

The Division Resurgence

Ubisoft



user avatar

The Division Resurgence

Ubisoft

The fight for New York continues. Experience the acclaimed franchise on mobile and PC with The Division Resurgence! linktr.ee/TheDivMobile

Base Of Operations

discord.com/invite/tdresur…

Joined June 2022

38

Following42.4K

Followers

RepliesRepliesMediaMedia

 user avatar

  The Division Resurgence

  Ubisoft

  @TheDivMobile

  11h [...] 90K
 user avatar

  The Division Resurgence

  Ubisoft

  @TheDivMobile

  Jul 30

  Discover what's coming in #TDResurgence ! JOIN US NOW: twitch.tv/thedivisiongame

  user avatar

  The Division Resurgence

  Ubisoft

  @TheDivMobile

  Jul 25

  🟠 Agents, it's time for a new Intel Drop for #TDResurgence! Join us on Twitch Thursday at 5 PM CEST for the latest on the Steam release. See you there!

  
 # See @TheDivMobile's full profile

  Sign up

  Log in [...] 11h

  🖥️ Suiting up on PC? Here's everything you need to run #TDResurgence at its best on #Steam. Check the specs below and gear up, Agent. 👇 store.steampowered.com/app/3749720

  

  31K
 user avatar

  The Division Resurgence

  Ubisoft

  @TheDivMobile

  11h

  🎁 We've revamped the Twitch Drops for the Steam launch! Watch your favorite #TDResurgence creators during launch week and earn in-game rewards just for tuning in. Wishlist now ➡️ store.steampowered.com/app/3749720",,,25,weak,Social Index (+5); Exact title match (+20),general
3749720,social_post,unknown_date,https://www.tiktok.com/discover/the-division-resurgence-new-update,The Division Resurgence New Update,"646 Likes, 30 Comments. TikTok video from Press X To Skip (@pressxtoskip): ""Here’s why EVERYONE Seems Hyped For The Division 2’s Dust Storm Update #thedivision2 #ubisoft #gaming #loot #division2""

37 Likes, 3 Comments. TikTok video from TheDivMobile (@thedivmobile): ""A brand-new chapter of The division is about to start with #TDResurgence! Take a look at what awaits and pre-register now at thedivisionresurgence.com #fyp"" [...] Get the full app experience

Enjoy more videos and great features on the app

# The Division Resurgence New Update

16 Likes, 1 Comments. TikTok video from TDR Daily (@tdr.daily): ""@techzamazing 60 FPS Update - The Division Resurgence #tdrclip #tdresurgence""

10.2K Likes, 221 Comments. TikTok video from NothingButSkillz (@nothinbutskillz): ""New update to Tom Clancy’s The Division 2 New Gamemode SURVIVORS! #thedivision2 #crossplay #Ubisoft #gaming #tiktokgaming""",,,25,weak,Social Index (+5); Exact title match (+20),social
3749720,social_post,unknown_date,https://www.tiktok.com/content/the-division-resurgence-tech-build,The Division Resurgence Tech Build,"Jun 8, 2026 — At its core, the proposal focuses on creating communities where people can live without fear of violence, corruption, or deception. By reducing ...Read more",,,25,weak,Social Index (+5); Exact title match (+20),social
3749720,social_post,unknown_date,https://www.tiktok.com/content/how-does-the-extraction-work-in-the-game-the-division-resurgence,How Does The Extraction Work in The Game The Division ...,"Jun 1, 2026 — Discover how secret lockboxes in The Division Resurgence offer an easy way to get strong gear early in the game.",,,25,weak,Social Index (+5); Exact title match (+20),social
3749720,social_post,unknown_date,https://www.tiktok.com/content/the-division-resurgence-best-shd-specializations,The Division Resurgence Best Shd Specializations,"14 Likes, 3 Comments. TikTok video from N4ppy (@n4ppygaming): ""5 Core Specializations & Skills The Division Resurgence  #thedivisionresurgence  #thedivisionresurgencemobile  #thedivisionresurgencephilippince""

16 Likes, 0 Comments. TikTok video from ELTITO (@eltitoyoutube): ""Mejor Clase PVP The Division Resurgence"" [...] 184 Likes, 20 Comments. TikTok video from vRusHz (@vrushz.fps): ""You need to complete six T2 weapon proficiency to the max level for upgrade your T0-T1 fav. weapon to T2. @TheDivMobile #arenabreakout #rainbow6 #thedivmobile #thedivisionresurgence #thedivision"" [...] Get the full app experience

Enjoy more videos and great features on the app

# The Division Resurgence Best Shd Specializations

55 Likes, 8 Comments. TikTok video from Kith CODM (@kith_codm): ""Which Specialization Should a Beginner Pick ?  (The Division Resurgence) #kithcodm #beginner  #expert""",,,25,weak,Social Index (+5); Exact title match (+20),social
3749720,social_post,unknown_date,https://www.instagram.com/reel/DWyEcmNET-8,The Division Resurgence,"The Division Resurgence is a full tactical shooter set in an open world New York City. You're a Division agent running missions, reclaiming",,,25,weak,Social Index (+5); Exact title match (+20),social
3749720,social_post,unknown_date,https://www.instagram.com/reel/DWW5ZOskTG7,Ubisoft | The Division Resurgence releases on March 31st! ...,The Division Resurgence is a free-to-play multiplayer third-person shooter mobile game under development by Ubisoft. top Roleplaying Game (,,,25,weak,Social Index (+5); Exact title match (+20),social
3749720,social_post,unknown_date,https://www.instagram.com/p/Dbdsw9hg418,The Division Resurgence Launches August 5 on PC & ...,Tom Clancy's The Division Resurgence is a free-to-play multiplayer third-person shooter mobile game under development by Ubisoft. It will take,,,25,weak,Social Index (+5); Exact title match (+20),social
3749720,social_post,unknown_date,https://www.instagram.com/reel/DWhZps-D-S6,PLAY NOW! The Division Resurgence is available for free on ...,The Division Resurgence is a free-to-play multiplayer third-person shooter mobile game under development by Ubisoft. 'll need an Android or,,,25,weak,Social Index (+5); Exact title match (+20),social
3749720,social_post,unknown_date,https://www.instagram.com/thedivmobile,The Division Resurgence (@thedivmobile),"Play #tdresurgence for free now on iOS, Android & PC! available for free on Android and iOS: thedivisionresurgence.com",,,25,weak,Social Index (+5); Exact title match (+20),social
3749720,social_post,unknown_date,https://x.com/TheDivMobile,The Division Resurgence (@TheDivMobile) / X,"Log inSign up

The Division Resurgence

Ubisoft



user avatar

The Division Resurgence

Ubisoft

The fight for New York continues. Experience the acclaimed franchise on mobile and PC with The Division Resurgence! linktr.ee/TheDivMobile

Base Of Operations

discord.com/invite/tdresur…

Joined June 2022

38

Following42.4K

Followers

RepliesRepliesMediaMedia

 user avatar

  The Division Resurgence

  Ubisoft

  @TheDivMobile

  11h [...] 90K
 user avatar

  The Division Resurgence

  Ubisoft

  @TheDivMobile

  Jul 30

  Discover what's coming in #TDResurgence ! JOIN US NOW: twitch.tv/thedivisiongame

  user avatar

  The Division Resurgence

  Ubisoft

  @TheDivMobile

  Jul 25

  🟠 Agents, it's time for a new Intel Drop for #TDResurgence! Join us on Twitch Thursday at 5 PM CEST for the latest on the Steam release. See you there!

  
 # See @TheDivMobile's full profile

  Sign up

  Log in [...] 11h

  🖥️ Suiting up on PC? Here's everything you need to run #TDResurgence at its best on #Steam. Check the specs below and gear up, Agent. 👇 store.steampowered.com/app/3749720

  

  31K
 user avatar

  The Division Resurgence

  Ubisoft

  @TheDivMobile

  11h

  🎁 We've revamped the Twitch Drops for the Steam launch! Watch your favorite #TDResurgence creators during launch week and earn in-game rewards just for tuning in. Wishlist now ➡️ store.steampowered.com/app/3749720",,,25,weak,Social Index (+5); Exact title match (+20),social
3749720,social_post,unknown_date,https://x.com/TheDivisionGame,Tom Clancy's The Division (@TheDivisionGame) / X,"Log inSign up

Tom Clancy's The Division

Ubisoft



user avatar

Tom Clancy's The Division

Ubisoft

News & Updates for Tom Clancy’s The Division. Incl.: The Division 2 | The Division Resurgence.

thedivisiongame.com

Joined June 2013

80

Following702.4K

Followers

RepliesRepliesMediaMedia

 user avatar

  Tom Clancy's The Division

  Ubisoft

  @TheDivisionGame

  Jul 31 [...] Jul 28

  The Dust Storm Event is live until August 11, and with it comes some new environment visuals for the Warlords of New York map 👀. All the details: thedivision2.com/Dust-Storm-Eve…

  

  37K
 user avatar

  Tom Clancy's The Division

  Ubisoft

  @TheDivisionGame

  Jul 28

  We are live soon! See you shortly, Agents.

  user avatar

  Tom Clancy's The Division

  Ubisoft

  @TheDivisionGame

  Jul 27 [...] 00:00

  40K
 user avatar

  Tom Clancy's The Division

  Ubisoft

  @TheDivisionGame

  Jul 28

  Only a few hours left to grab The Division 2 Dust Storm Event Twitch drops! Tune in and earn your free rewards now as we brave the massive dust storms and deadly new enemies of this limited-time event. Live now on twitch.tv/ubisoft.

  

  00:00

  71K
 user avatar

  Tom Clancy's The Division

  Ubisoft

  @TheDivisionGame

  Jul 28",,,25,weak,Social Index (+5); Exact title match (+20),social
3749720,social_post,unknown_date,https://x.com/TheDivMobile/status/2069074105555439670,"The Division Resurgence on X: ""Agent! Season 1 Phase 3 ...",Season 1 Phase 3 in #TDResurgence starts soon! Release Resurgence on Consoles like on Steam.,,,25,weak,Social Index (+5); Exact title match (+20),social
3749720,social_post,unknown_date,https://apps.apple.com/us/app/the-division-resurgence/id1606349410,‎The Division Resurgence App - App Store,"The Division Resurgence is the ultimate 'what could have been' of 2026. Ubisoft promised a full-fledged Division experience in the palm of your hand, and while the core cover-shooting and atmosphere are actually there, the execution is an absolute buggy nightmare.Since its launch in March, players on both mobile and the newly thrown-together PC port have been screaming into a void. We are talking about game-breaking, progression-stopping bugs that have gone completely unaddressed for months. [...] The Division Resurgence is the ultimate 'what could have been' of 2026. Ubisoft promised a full-fledged Division experience in the palm of your hand, and while the core cover-shooting and atmosphere are actually there, the execution is an absolute buggy nightmare.Since its launch in March, players on both mobile and the newly thrown-together PC port have been screaming into a void. We are talking about game-breaking, progression-stopping bugs that have gone completely unaddressed for months. [...] Engage in intense PVE combat, competitive PVP modes, and enter the iconic Dark Zone PvPvE experience, where high-risk encounters lead to high-end rewards — if you can extract them.
The Division Resurgence is designed as a living game, with regular additional content expanding the story, the world, and the challenges ahead.",,,25,weak,Social Index (+5); Exact title match (+20),social
3749720,social_post,unknown_date,https://play.google.com/store/apps/details?id=com.ubisoft.the.division.mobile.combat.shooting.open.world.rpg&hl=en_US,The Division Resurgence - Apps on Google Play,"Engage in intense PVE combat, competitive PVP modes, and enter the iconic Dark Zone PvPvE experience, where high-risk encounters lead to high-end rewards — if you can extract them.  
  
The Division Resurgence is designed as a living game, with regular additional content expanding the story, the world, and the challenges ahead. [...] Become a Division agent, the last line of defense after society collapses.  
  
Explore a shared open world set in New York City, featuring iconic locations and playable solo or fully in co-op. [...] Content rating

Rated for 18+

Extreme Violence, Strong Language

Users Interact, In-Game Purchases (Includes Random Items)

Learn more

## App support

public

Website

email

Support email

android.support@ubisoft.com

shield

Privacy Policy

About the developer

UBISOFT MOBILE GAMES

UbisoftMobileStores@ubisoft.com

2 AV PASTEUR 94160 SAINT-MANDE France

+33 1 48 18 25 81

## More by Ubisoft Entertainment

arrow\_forward

Thumbnail image

Hungry Shark Evolution

Ubisoft Entertainment",,,25,weak,Social Index (+5); Exact title match (+20),social
3749720,social_post,unknown_date,https://www.youtube.com/watch?v=lOm8wiFywkg,The Division: Resurgence - Official Gameplay Overview Trailer,"### Description
39654 views
Posted: 3 Mar 2026
Watch the Gameplay Overview Trailer for The Division: Resurgence, a free-to-play mobile action third-person co-op in the universe of The Division developed by Ubisoft. Players will get the rundown on the core gameplay loop of taking on missions across a struggling New York City on the brink of collapse. Party up with friends and take on The Division: Resurgence, launching on March 31 for iOS and Android.

#IGN #Gaming [...] New York City. Hello everyone. Jonathan here. Today, I'll be introducing you to a short walk-through of what you can expect from our game at launch. Resurgence is a brand new Division title, faithful to the experience of the original games, but built specifically to be playable from anywhere on mobile. In Resurgence, you'll play a first wave agent in a brand new story taking place in Manhattan after the events of Division 1. For this walk-through, I've teamed up with my friend Erwan, and we",,"trailer, gameplay",25,weak,"Social Index (+5); Keywords ['trailer', 'gameplay'] (+20)",social
3749720,social_post,unknown_date,https://www.ubisoft.com/en-us/game/the-division/resurgence,The Division Resurgence – Android iOS & PC(US),"Explore a shared open world set in New York City, featuring iconic locations and playable solo or fully in co-op. Complete more than 100 world activities as you restore order and uncover an exclusive, canon storyline that reveals a plot threatening the entire city — and beyond. Loot, mod, and customize a wide variety of weapons and gear, along with skins and cosmetics, to build your perfect agent and grow stronger. When you feel ready, take the risk and enter the Dark Zone to claim fabulous",,,25,weak,Social Index (+5); Exact title match (+20),social
3749720,web_result,unknown_date,https://www.youtube.com/watch?v=QhtreSlV5m8&vl=en,The Division Resurgence: coming to STEAM soon,The Division Resurgence on Steam now. The Division Resurgence is a free-to-play third-person shooter RPG that features a whole new and,,,20,weak,Exact title match (+20),general
3749720,web_result,unknown_date,https://news.ubisoft.com/en-us/article/5FtgpT4eqjzL49ROhjC99c/the-division-resurgence-play-free-on-steam-august-5,The Division Resurgence: Play Free on Steam August 5,"Brittany Spurlin

The Division Resurgence, the free-to-play tactical shooter, is coming to Steam on August 5. Currently available on iOS and Android devices, as well as PC early access via Ubisoft Connect, The Division Resurgence features an all-new story set in the world of The Division. Take part in the PvE campaign, fight other players in the Dark Zone, and unlock signature gear and weapons to curate a loadout suited to your playstyle.

### The Division Resurgence PC Specs [...] Very High Settings

 Resolution at 4K and 60 FPS
 CPU: Intel I7-8700K or AMD Ryzen5 3600
 GPU: NVIDIA GTX 1660 TI (6GB), AMD RX 5600 XT (6GB), or Intel Arc A750 (8GB)
 RAM: 8GB Dual Channel
 OS Windows 11
 API DX 11
 Storage: 30GB

Play The Division Resurgence free on iOS and Android devices, or in early access on PC through Ubisoft Connect. Wishlist the game on Steam today so you can save New York City on that platform when it launches on August 5. [...] For the optimal experience playing The Division Resurgence on PC, check out these recommended specs:

Minimum Settings

 Resolution at 1080p and 30 FPS
 CPU: Intel I5-8400 or AMD Ryzen5 3400G
 GPU: Intel UHD 630 or Integrated PCU
 RAM: 8GB Dual Channel
 OS Windows 11
 API DX 11
 Storage: 30GB

Recommended Settings",,,20,weak,Exact title match (+20),general
3749720,web_result,unknown_date,https://store.steampowered.com/news/group/39513975/view/520867483423345006,"Pocket Gamer - The Division Resurgence introduces a new maniacal, pseudo-medieval faction, The Freedmen - Steam News","Image 6The Division Resurgence is finally set to launch on March 31st for mobile, after more than a few periods of radio silence. But, with that long-awaited launch comes news of more new content we can expect to see when The Division Resurgence arrives, including a new faction, The Freedmen!Formed by ex-businessman Arthur King, who lost his family in the Manhattan outbreak that sets up the world of The Division, The Freemen boast an arsenal of homemade weapons that can seem a little more Mad [...] View All

News The Division Resurgence is finally set to launch on March 31st for mobile, after more than a few periods of radio silence. Image 7 The Division Resurgence introduces a new maniacal, pseudo-medieval faction, The Freemen News Thu, March 26, 2026 The Division Resurgence is finally set to launch on March 31st for mobile, after more than a few periods of radio silence. [...] STORE

HomeDiscovery QueueWishlistPoints ShopNewsCharts

COMMUNITY

HomeDiscussionsWorkshopMarketBroadcasts

AboutSUPPORT

Install Steamsign in|language",,,20,weak,Exact title match (+20),general
3749720,web_result,unknown_date,https://store.steampowered.com/app/3749720/The_Division_Resurgence,The Division Resurgence on Steam,"STEAM
Link to the Steam Homepage

## This game may contain content not appropriate for all ages, or may not be appropriate for viewing at work.

## Hey, would you like to hide this kind of warning in the future?",,,20,weak,Exact title match (+20),general
3749720,web_result,unknown_date,https://www.ubisoft.com/en-us/game/the-division/resurgence,The Division Resurgence – Android iOS & PC(US),"Download NowSEE VIDEOS

## FEATURED NEWS

## The Division Experience on Mobile

Controls and user interface are specifically tailored to ensure a smooth experience on handheld devices. Enjoy a new entry of the acclaimed Third-Person Shooter RPG and original game modes set in an urban open-world.

## GAME OVERVIEW

## Fight in PvP on Mobile [...] Explore a shared open world set in New York City, featuring iconic locations and playable solo or fully in co-op. Complete more than 100 world activities as you restore order and uncover an exclusive, canon storyline that reveals a plot threatening the entire city — and beyond. Loot, mod, and customize a wide variety of weapons and gear, along with skins and cosmetics, to build your perfect agent and grow stronger. When you feel ready, take the risk and enter the Dark Zone to claim fabulous [...] For newcomers and veterans, discover a new PVE campaign. Be part of the legendary first wave of SHD agents and get a unique perspective of the events around The Division 1 & 2.  
 Explore the open-world in Solo or Coop and roam around an outstandingly detailed urban environment with stunning graphics.

## Collect & upgrade tons of gears & weapons

Loot, craft, mod and upgrade your gear to fight your enemies. Customize your character with a wide arsenal at your fingertips!",,,20,weak,Exact title match (+20),general
3749720,web_result,unknown_date,https://www.youtube.com/watch?v=lOm8wiFywkg,The Division: Resurgence - Official Gameplay Overview Trailer,"Erwan, and we head out in the open world towards a mission that we want to complete. On our way, we cross the path of another player. In Resurgence, the open world is shared, allowing agents to spontaneously meet. That player seems friendly and well-equipped, so we invite him to join our team, and we start the mission together. In this mission, we We reclaim a radio station from the Freeman, a new enemy faction introduced in Warlords of New York. In Warlords of New York, you can expect intense [...] ### Description
39654 views
Posted: 3 Mar 2026
Watch the Gameplay Overview Trailer for The Division: Resurgence, a free-to-play mobile action third-person co-op in the universe of The Division developed by Ubisoft. Players will get the rundown on the core gameplay loop of taking on missions across a struggling New York City on the brink of collapse. Party up with friends and take on The Division: Resurgence, launching on March 31 for iOS and Android.

#IGN #Gaming [...] New York City. Hello everyone. Jonathan here. Today, I'll be introducing you to a short walk-through of what you can expect from our game at launch. Resurgence is a brand new Division title, faithful to the experience of the original games, but built specifically to be playable from anywhere on mobile. In Resurgence, you'll play a first wave agent in a brand new story taking place in Manhattan after the events of Division 1. For this walk-through, I've teamed up with my friend Erwan, and we",,"trailer, gameplay",20,weak,"Keywords ['trailer', 'gameplay'] (+20)",general
3749720,web_result,unknown_date,https://www.ubisoft.com/en-us/game/the-division/resurgence,The Division Resurgence – Android iOS & PC(US),"Explore a shared open world set in New York City, featuring iconic locations and playable solo or fully in co-op. Complete more than 100 world activities as you restore order and uncover an exclusive, canon storyline that reveals a plot threatening the entire city — and beyond. Loot, mod, and customize a wide variety of weapons and gear, along with skins and cosmetics, to build your perfect agent and grow stronger. When you feel ready, take the risk and enter the Dark Zone to claim fabulous [...] For newcomers and veterans, discover a new PVE campaign. Be part of the legendary first wave of SHD agents and get a unique perspective of the events around The Division 1 & 2.  
 Explore the open-world in Solo or Coop and roam around an outstandingly detailed urban environment with stunning graphics.

## Collect & upgrade tons of gears & weapons

Loot, craft, mod and upgrade your gear to fight your enemies. Customize your character with a wide arsenal at your fingertips! [...] The Dark Zone comes to mobile! Test your skills in the Conflict modes Skirmish & Domination for a pure competitive experience. Or enter the infamous Dark Zone, a unique PvPvE open world area. Alone or as a team, take down powerful enemies to reap high end gear & rewards before other players (or even team members) claim them from you!

## A whole new storyline in a vast open-world",,,20,weak,Exact title match (+20),general
3749720,web_result,unknown_date,https://www.ubisoft.com/en-us/game/the-division/resurgence,The Division Resurgence – Android iOS & PC(US),"Explore a shared open world set in New York City, featuring iconic locations and playable solo or fully in co-op. Complete more than 100 world activities as you restore order and uncover an exclusive, canon storyline that reveals a plot threatening the entire city — and beyond. Loot, mod, and customize a wide variety of weapons and gear, along with skins and cosmetics, to build your perfect agent and grow stronger. When you feel ready, take the risk and enter the Dark Zone to claim fabulous [...] Download NowSEE VIDEOS

## FEATURED NEWS

## The Division Experience on Mobile

Controls and user interface are specifically tailored to ensure a smooth experience on handheld devices. Enjoy a new entry of the acclaimed Third-Person Shooter RPG and original game modes set in an urban open-world.

## GAME OVERVIEW

## Fight in PvP on Mobile [...] For newcomers and veterans, discover a new PVE campaign. Be part of the legendary first wave of SHD agents and get a unique perspective of the events around The Division 1 & 2.  
 Explore the open-world in Solo or Coop and roam around an outstandingly detailed urban environment with stunning graphics.

## Collect & upgrade tons of gears & weapons

Loot, craft, mod and upgrade your gear to fight your enemies. Customize your character with a wide arsenal at your fingertips!",,,20,weak,Exact title match (+20),general
3749720,web_result,unknown_date,https://play.google.com/store/apps/details?id=com.ubisoft.the.division.mobile.combat.shooting.open.world.rpg&hl=en_US,The Division Resurgence - Apps on Google Play,"Ubisoft Entertainment

May 19, 2026

Hello! Thank you for your feedback regarding the vendor issues and disappearing guns. Your experience matters to us, and we’ve elevated these concerns. For further assistance, please reach out to our in-app support. We appreciate your input and hope you'll consider giving us another chance!

## What’s new [...] May 19, 2026

The game is full of bugs. Bugs that are game breaking, like unable to sell to vendor, so you have no access to get credit unless you pay for it or wait for dailies, Guns disappear even when locked, constant disconnect issues, yet the Devs are so laid back when it comes to fixing the bugs, not so laid back at releasing outfits and season pass though. Classic cash-grab. Don't bother playing it. Ubisoft surely keeping up with its reputation.

14 people found this review helpful [...] 6 people found this review helpful

Vishal Rajbongshi

 Flag inappropriate
 Show review history

May 19, 2026",,,20,weak,Exact title match (+20),general
3749720,web_result,unknown_date,https://store.ubisoft.com/ie/the-division-resurgence/62e7cc7251f14849aaca73c8.html?lang=en-ZW,The Division Resurgence | Ubisoft Store,"2001-2026 Ubisoft Entertainment. All Rights Reserved. Ubisoft, Ubi.com and the Ubisoft logo are trademarks of Ubisoft Entertainment in the U.S and/or other countries
Ubisoft EMEA SAS 2, avenue Pasteur 94160 Saint Mandé, France - storeUE@ubisoft.com.
Pour toute demande d’assistance concernant l’un de nos produits : support.ubi.com [...] ## System requirements for The Division Resurgence

Looking for the latest PC video games? Look no further than the Ubisoft Store!
Enjoy the ultimate gaming experience with
new games, season pass and more additional content from the
Ubisoft Store. With regular sales and special offers, you
can score great deals on video games from Ubisoft’s top franchises such as Assassin’s Creed, Far Cry, Anno
and more. Formerly Uplay & Uplay Store.

Ubisoft, creator of Worlds since 1986. [...] ## Assassin’s Creed Black Flag Resynced is out now! Get the game

It seems like you are looking for something that doesn't exist ...

0 results
found with your search:
""""

Check the spelling carefully. Try different spellings.

Limit the search. One or two words are enough.

Use less specific terms. Sometimes a more general term will bring you to similar products.

Our best operators would love to help you from Monday to Friday from 9am to 5pm

Together we will accomplish your mission.

Filter",,,20,weak,Exact title match (+20),general
3749720,web_result,unknown_date,https://www.ubisoft.com/en-us/game/the-division/resurgence,The Division Resurgence – Android iOS & PC(US),"Download NowSEE VIDEOS

## FEATURED NEWS

## The Division Experience on Mobile

Controls and user interface are specifically tailored to ensure a smooth experience on handheld devices. Enjoy a new entry of the acclaimed Third-Person Shooter RPG and original game modes set in an urban open-world.

## GAME OVERVIEW

## Fight in PvP on Mobile [...] Download Now

## It’s time to save New York, agents! [...] For newcomers and veterans, discover a new PVE campaign. Be part of the legendary first wave of SHD agents and get a unique perspective of the events around The Division 1 & 2.  
 Explore the open-world in Solo or Coop and roam around an outstandingly detailed urban environment with stunning graphics.

## Collect & upgrade tons of gears & weapons

Loot, craft, mod and upgrade your gear to fight your enemies. Customize your character with a wide arsenal at your fingertips!",,,20,weak,Exact title match (+20),general
3749720,web_result,unknown_date,https://play.google.com/store/apps/details?id=com.ubisoft.the.division.mobile.combat.shooting.open.world.rpg&hl=en_US,The Division Resurgence - Apps on Google Play,"## What’s new

Fresh action hits the city.  
  
Season 1.3 is bringing new challenges in The Division Resurgence.  
Unlock up to 50 tiers of rewards in the Classified Ops Pass, including the free new exotic weapon: Scorpio, a venomous shotgun that stacks debuffs and devastates enemies!  
Engage in new Time-Limited Events to harden your skills. From the Trigger Happy challenge to 3 new Speedrun Missions, be highly rewarded for each success!

flagFlag as inappropriate

Content rating [...] Ubisoft Entertainment

May 19, 2026

Hello! Thank you for your feedback regarding the vendor issues and disappearing guns. Your experience matters to us, and we’ve elevated these concerns. For further assistance, please reach out to our in-app support. We appreciate your input and hope you'll consider giving us another chance!

## What’s new [...] Engage in intense PVE combat, competitive PVP modes, and enter the iconic Dark Zone PvPvE experience, where high-risk encounters lead to high-end rewards — if you can extract them.  
  
The Division Resurgence is designed as a living game, with regular additional content expanding the story, the world, and the challenges ahead.",,,20,weak,Exact title match (+20),general
3749720,web_result,unknown_date,https://www.ubisoft.com/en-us/game/the-division/resurgence,The Division Resurgence – Android iOS & PC(US),"For newcomers and veterans, discover a new PVE campaign. Be part of the legendary first wave of SHD agents and get a unique perspective of the events around The Division 1 & 2.  
 Explore the open-world in Solo or Coop and roam around an outstandingly detailed urban environment with stunning graphics.

## Collect & upgrade tons of gears & weapons

Loot, craft, mod and upgrade your gear to fight your enemies. Customize your character with a wide arsenal at your fingertips! [...] Download NowSEE VIDEOS

## FEATURED NEWS

## The Division Experience on Mobile

Controls and user interface are specifically tailored to ensure a smooth experience on handheld devices. Enjoy a new entry of the acclaimed Third-Person Shooter RPG and original game modes set in an urban open-world.

## GAME OVERVIEW

## Fight in PvP on Mobile [...] The Dark Zone comes to mobile! Test your skills in the Conflict modes Skirmish & Domination for a pure competitive experience. Or enter the infamous Dark Zone, a unique PvPvE open world area. Alone or as a team, take down powerful enemies to reap high end gear & rewards before other players (or even team members) claim them from you!

## A whole new storyline in a vast open-world",,,20,weak,Exact title match (+20),general
3749720,web_result,unknown_date,https://store.steampowered.com/app/3749720/The_Division_Resurgence,The Division Resurgence on Steam,"STEAM
Link to the Steam Homepage

## This game may contain content not appropriate for all ages, or may not be appropriate for viewing at work.

## Hey, would you like to hide this kind of warning in the future?",,,20,weak,Exact title match (+20),general
3749720,web_result,unknown_date,https://www.youtube.com/watch?v=lOm8wiFywkg,The Division: Resurgence - Official Gameplay Overview Trailer,"### Description
39654 views
Posted: 3 Mar 2026
Watch the Gameplay Overview Trailer for The Division: Resurgence, a free-to-play mobile action third-person co-op in the universe of The Division developed by Ubisoft. Players will get the rundown on the core gameplay loop of taking on missions across a struggling New York City on the brink of collapse. Party up with friends and take on The Division: Resurgence, launching on March 31 for iOS and Android.

#IGN #Gaming [...] Erwan, and we head out in the open world towards a mission that we want to complete. On our way, we cross the path of another player. In Resurgence, the open world is shared, allowing agents to spontaneously meet. That player seems friendly and well-equipped, so we invite him to join our team, and we start the mission together. In this mission, we We reclaim a radio station from the Freeman, a new enemy faction introduced in Warlords of New York. In Warlords of New York, you can expect intense [...] New York City. Hello everyone. Jonathan here. Today, I'll be introducing you to a short walk-through of what you can expect from our game at launch. Resurgence is a brand new Division title, faithful to the experience of the original games, but built specifically to be playable from anywhere on mobile. In Resurgence, you'll play a first wave agent in a brand new story taking place in Manhattan after the events of Division 1. For this walk-through, I've teamed up with my friend Erwan, and we",,"trailer, gameplay",20,weak,"Keywords ['trailer', 'gameplay'] (+20)",general
3749720,web_result,unknown_date,https://www.ubisoft.com/en-us/game/the-division/resurgence,The Division Resurgence – Android iOS & PC(US),"Explore a shared open world set in New York City, featuring iconic locations and playable solo or fully in co-op. Complete more than 100 world activities as you restore order and uncover an exclusive, canon storyline that reveals a plot threatening the entire city — and beyond. Loot, mod, and customize a wide variety of weapons and gear, along with skins and cosmetics, to build your perfect agent and grow stronger. When you feel ready, take the risk and enter the Dark Zone to claim fabulous [...] For newcomers and veterans, discover a new PVE campaign. Be part of the legendary first wave of SHD agents and get a unique perspective of the events around The Division 1 & 2.  
 Explore the open-world in Solo or Coop and roam around an outstandingly detailed urban environment with stunning graphics.

## Collect & upgrade tons of gears & weapons

Loot, craft, mod and upgrade your gear to fight your enemies. Customize your character with a wide arsenal at your fingertips! [...] Download NowSEE VIDEOS

## FEATURED NEWS

## The Division Experience on Mobile

Controls and user interface are specifically tailored to ensure a smooth experience on handheld devices. Enjoy a new entry of the acclaimed Third-Person Shooter RPG and original game modes set in an urban open-world.

## GAME OVERVIEW

## Fight in PvP on Mobile",,,20,weak,Exact title match (+20),general
3749720,web_result,unknown_date,https://www.youtube.com/watch?v=-2CXmgaZ7q0,I Finally Played The Division Resurgence! | Review & First Impressions,"To be honest, The Division Resurgence started as a game I was skeptical about. After years of waiting, delays, and radio silence, I had lowered my expectations going in, and after dozens of hours in, I have to say I was wrong. This game is genuinely better than I expected. It's not trying to be a simplified mobile spin-off. It's a full complete experience. The graphics, the story, the build depth, the open world, the multiplayer, it all comes together in a way that very few mobile games manage [...] ✅Follow Socials:
TikTok - @thedivmobile
Instagram - @thedivmobile
YouTube - @Ubisoft

Thanks to The Division Resurgence team and @Ubisoft for sponsoring this video! 

CHAPTERS:
0:00 Intro
0:39 What is The Division Resurgence?
1:40 The Division Resurgence Review
2:26 Story
3:01 Open World
3:49 Specializations (Class) System
4:37 Loot, Gear & Progression
5:15 Weapons & Customization
5:50 Multiplayer (Dark Zone, Conflict, Clan System)
6:59 Controls
7:36 Tips & Tricks
9:11 Conclusion [...] The developer team deserves real credit for that. This is one of the best looking and best optimized mobile games I've played in a long time. Now, here's something I didn't expect to care about as much as I did. The storytelling. The Division Resurgence actually invests in its narrative. The cut scenes are well produced. The voice acting is solid, and the story unfolds in a way that keeps you engaged even during what you'd normally consider a standard mission. What I really liked is that even",,,20,weak,Exact title match (+20),general
3749720,web_result,unknown_date,https://www.metacritic.com/game/tom-clancys-the-division-resurgence,Tom Clancy's The Division Resurgence Reviews - Metacritic,"iOS (iPhone/iPad) FULL REVIEW

Mar 31, 2026

80

Pocket Tactics

The Division Resurgence is a polished, content-rich shooter than outpaces most mobile games around. It delivers Ubisoft's ever-so-satisfying gunplay and sprawling version of New York City, without compromising the series' vision. With the first shared open-world in Division history, I can't see these games without it going forward.

iOS (iPhone/iPad) FULL REVIEW

Mar 30, 2026

70

Gamereactor UK [...] Tom Clancy's The Division Resurgence is a supreme example of a major console series making the jump to mobile and sticking the landing. Gripes like level-gating and the need for powerful hardware to get the most out of the game do hold it back a little, but translating the core Division experience to the small screen with a wonderful recreation of post-apocalyptic New York, a moreish loot-to-improve loop, and satisfying cover-shooter action means that long-time fans of the series and newcomers [...] Tom Clancy's The Division Resurgence is a supreme example of a major console series making the jump to mobile and sticking the landing. Gripes like level-gating and the need for powerful hardware to get the most out of the game do hold it back a little, but translating the core Division experience to the small screen with a wonderful recreation of post-apocalyptic New York, a moreish loot-to-improve loop, and satisfying cover-shooter action means that long-time fans of the series and newcomers",,,20,weak,Exact title match (+20),general
3749720,web_result,unknown_date,https://www.thesixthaxis.com/2026/04/06/the-division-resurgence-review,The Division: Resurgence Review – Mobilised agents | TheSixthAxis,"Resurgence plants itself in an enticing position for lapsed fans of The Division. The game is for smartphone and tablet, but it promises a full-fat take on The Division’s cover shooting and looting, with a lengthy campaign on day one and the allure of the Dark Zone awaiting you too. There’s also the fact that it’s returning to a snowy New York City. Resurgence casts you as a first-wave Division agent who’s fighting the good fight in the early days of the city’s descent into chaos, only to be [...] Summary

I have enjoyed playing The Division: Resurgence, but it's a rediscovered joy of improving my character stats and churning through looter shooter missions. There's the foundations here for more, but with a low stakes main story, and too many points of friction through the UI and gameplay, the main thing it's made me want to do is go back and play the console games.

Good [...] The core loop of The Division is… well, it’s resurgent in this game. After the linear prologue, you’re presented with an open world slice of Manhattan to explore (basically the western half of the map you had in the original game), and are led to different areas by a string of main missions. Side missions also crop up as you find and unlock safe houses, and there’s further dynamic events and missions littering the map to let you take on the gangs and goons that still run rampant.",,gameplay,20,weak,Keywords ['gameplay'] (+20),general
3749720,web_result,unknown_date,https://store.ubisoft.com/ie/the-division-resurgence/62e7cc7251f14849aaca73c8.html?lang=en-ZW,The Division Resurgence Free to Play,"2001-2026 Ubisoft Entertainment. All Rights Reserved. Ubisoft, Ubi.com and the Ubisoft logo are trademarks of Ubisoft Entertainment in the U.S and/or other countries
Ubisoft EMEA SAS 2, avenue Pasteur 94160 Saint Mandé, France - storeUE@ubisoft.com.
Pour toute demande d’assistance concernant l’un de nos produits : support.ubi.com [...] ## System requirements for The Division Resurgence

Looking for the latest PC video games? Look no further than the Ubisoft Store!
Enjoy the ultimate gaming experience with
new games, season pass and more additional content from the
Ubisoft Store. With regular sales and special offers, you
can score great deals on video games from Ubisoft’s top franchises such as Assassin’s Creed, Far Cry, Anno
and more. Formerly Uplay & Uplay Store.

Ubisoft, creator of Worlds since 1986.",,,20,weak,Exact title match (+20),general
3749720,web_result,unknown_date,https://play.google.com/store/apps/details?id=com.ubisoft.the.division.mobile.combat.shooting.open.world.rpg&hl=en_US,The Division Resurgence - Apps on Google Play,"Icon image

# The Division Resurgence

Ubisoft Entertainment

In-app purchases

Icon image

4.6star

98.7K reviews

Content rating

Rated for 18+

Content rating

Rated for 18+

Extreme Violence, Strong Language

Users Interact, In-Game Purchases (Includes Random Items)

Learn more

## About this game [...] 4.0star

Thumbnail image

Hungry Shark World

Ubisoft Entertainment

4.3star

Thumbnail image

Prince of Persia: Lost Crown

Ubisoft Entertainment

4.4star

Thumbnail image

Brawlhalla

Ubisoft Entertainment

4.2star

Thumbnail image

Hungry Dragon: by Hungry Shark

Ubisoft Entertainment

4.4star

Thumbnail image

Just Dance Now

Ubisoft Entertainment

3.8star

## Similar games

arrow\_forward

Thumbnail image

Rainbow Six Mobile

Ubisoft Nova

4.3star

Thumbnail image

Warframe [...] Content rating

Rated for 18+

Extreme Violence, Strong Language

Users Interact, In-Game Purchases (Includes Random Items)

Learn more

## App support

public

Website

email

Support email

android.support@ubisoft.com

shield

Privacy Policy

About the developer

UBISOFT MOBILE GAMES

UbisoftMobileStores@ubisoft.com

2 AV PASTEUR 94160 SAINT-MANDE France

+33 1 48 18 25 81

## More by Ubisoft Entertainment

arrow\_forward

Thumbnail image

Hungry Shark Evolution

Ubisoft Entertainment",,,20,weak,Exact title match (+20),general
3749720,web_result,unknown_date,https://the-division-resurgence.en.uptodown.com/android,The Division Resurgence for Android - Download the APK from Uptodown,"### Basic information

|  |  |
 --- |
| Developer | Ubisoft Entertainment |
| Category | Action/Adventure |
| Rating | +16 |
| Languages | English |

### Distribution model

|  |  |
 --- |
| Pricing | Free |
| License | Proprietary |
| Copyright © 2026 Ubisoft Entertainment |  |
| Why is this app published on Uptodown? | (More information) |

### Security and privacy [...] The Division Resurgence is a third-person tactical action RPG set in a New York City devastated by a virus, where you play as an agent of the Division sent to restore order. The Division Resurgence combines tactical cover-based shooting with a third-person view, tiered gear progression, and missions in a semi-open world, both solo and in co-op, bringing the experience of its console and PC versions directly to smartphones, where you can even play with a console controller. [...] It's a good game.

 Like

 Reply

syk0 icon

syk0 

    

4 weeks ago

Pretty good story, love the controls.

 Like

 Reply

elegantyellowlemon38411 icon

elegantyellowlemon38411 

    

2 months ago

Best game ever! Thanks, Ubisoft, and the whole Store company.

 Like

 Reply

slowbrownant93040 icon

slowbrownant93040 

    

2 months ago

How can I update this game?

 Like

 2

crazyvioletcrab75587 icon

crazyvioletcrab75587 

    

2 months ago

Very good.

 Like

 Reply

See more",,,20,weak,Exact title match (+20),general
3749720,web_result,unknown_date,https://en.wikipedia.org/wiki/Tom_Clancy%27s_The_Division_Resurgence,Tom Clancy's The Division Resurgence,"Tom Clancy's The Division Resurgence is a 2026 third-person shooter video game developed and published by Ubisoft. It takes place in the same world as Tom Clancy's The Division and Tom Clancy's The Division 2, though its story is independent of the two games. [...] | Developer | Ubisoft |
| Publisher | Ubisoft |
| Series | Tom Clancy's |
| Engine | Unreal Engine 4 |
| Platforms |  Android ""Android (operating system)"")  iOS  Microsoft Windows |
| Release | March 31, 2026 |
| Genre | Third-person shooter |
| Mode | Multiplayer video game | [...] The Division Resurgence is an third-person action-roleplaying game set within Midtown, New York, which can be explored by players. The player is a member of the Strategic Homeland Division (or simply, the Division), meant to help restore order after a pandemic of ""Green Flu"" has caused the United States to collapse into anarchy. Players can carry two weapons, and have access to various gadgets to help combat enemies, such as seeker mines and automated mortar turrets. Like previous games,",,,20,weak,Exact title match (+20),general
3749720,web_result,unknown_date,https://play.google.com/store/apps/details?id=com.ubisoft.the.division.mobile.combat.shooting.open.world.rpg&hl=en_US,The Division Resurgence - Apps on Google Play,"Content rating

Rated for 18+

Extreme Violence, Strong Language

Users Interact, In-Game Purchases (Includes Random Items)

Learn more

## App support

public

Website

email

Support email

android.support@ubisoft.com

shield

Privacy Policy

About the developer

UBISOFT MOBILE GAMES

UbisoftMobileStores@ubisoft.com

2 AV PASTEUR 94160 SAINT-MANDE France

+33 1 48 18 25 81

## More by Ubisoft Entertainment

arrow\_forward

Thumbnail image

Hungry Shark Evolution

Ubisoft Entertainment [...] Icon image

# The Division Resurgence

Ubisoft Entertainment

In-app purchases

Icon image

4.6star

98.7K reviews

Content rating

Rated for 18+

Content rating

Rated for 18+

Extreme Violence, Strong Language

Users Interact, In-Game Purchases (Includes Random Items)

Learn more

## About this game [...] 4.0star

Thumbnail image

Hungry Shark World

Ubisoft Entertainment

4.3star

Thumbnail image

Prince of Persia: Lost Crown

Ubisoft Entertainment

4.4star

Thumbnail image

Brawlhalla

Ubisoft Entertainment

4.2star

Thumbnail image

Hungry Dragon: by Hungry Shark

Ubisoft Entertainment

4.4star

Thumbnail image

Just Dance Now

Ubisoft Entertainment

3.8star

## Similar games

arrow\_forward

Thumbnail image

Rainbow Six Mobile

Ubisoft Nova

4.3star

Thumbnail image

Warframe",,,20,weak,Exact title match (+20),general
3749720,reddit_discussion,unknown_date,https://www.reddit.com/r/Division2/comments/1usyz59/division_resurgence_officially_launching_on_steam,Division Resurgence officially launching on Steam this July 16,"Division Resurgence is officially coming to Steam on July 16. It's a port, you can play it on PC already without steam.",,,10,weak,Reddit (+10),general
3749720,reddit_discussion,unknown_date,https://www.reddit.com/r/Games/comments/1sxy932/the_division_resurgence_is_now_available_on_pc,The Division: Resurgence is now available on PC platform.,"Jump into this free‐to‐play looter‐shooter RPG featuring tactical combat, deep progression, and an exclusive canon storyline, playable solo or",,,10,weak,Reddit (+10),social
3749720,social_post,unknown_date,https://www.tiktok.com/tag/thedivisionresurgence,TikTok,"TikTok
TikTok

## watch nowWatch now

watch now
TikTok
TikTok

Dear Users,

On June 29, 2020 the Govt. of India decided to block 59 apps, including TikTok. We are in the process of complying with the Government of India's directive and also working with the government to better understand the issue and explore a course of action.

Ensuring the privacy and security of all our users in India remains our utmost priority.

TikTok India Team.

Follow us on Twitter and Instagram.",,,5,weak,Social Index (+5),social
