appid,query,query_group,query_priority,provider,tavily_search_depth,budget_query_number,url,title,snippet,date_classification,evidence_type
4039200,"""Exterminauts"" Steam",general,1,tavily,basic,1,https://store.steampowered.com/app/3425580/The_Island_Exterminatus,The Island: Exterminatus on Steam,"See all 103 supported languages

Title: The Island: Exterminatus  
 Genre: Action, Adventure, Casual, Indie  

Developer: Victor Sardinha Bexiga

Publisher: BexigaGames

Release Date: Mar 15, 2025

Visit the website   Instagram   View update history   Read related news   View discussions   Find Community Groups

Embed

Links & info

## Buy Exterminatus: A Grim Odyssey

$3.99

Add to Cart;)

View Community Hub

## About This Game [...] All Games > Action Games > The Island: Exterminatus

Community Hub

The Island: Exterminatus

The Island: Exterminatus

Developer

Victor Sardinha Bexiga

Publisher

BexigaGames

Released

Mar 15, 2025

A futuristic game, with lots of beatings, in the best Pancadaria style! Punch down several enemies in an underground atmosphere through cyberpunk places! Use kicking, punching, grabbing techniques or even weapons, such as daggers, nunchucks, whips, grenades, pistols, etc.

All Reviews: [...] ## About This Game

This game is a typical BEAT UP in the 80s style, with a good availability of blows in an intense storyline. Your mission is to help Azax, our hero, take revenge on an environmental NGO he was part of. To do this, he will attack the faction on several fronts, wiping out its leaders one by one. The game takes place in the city of Belém, on the eve of COP 30, and an environment threatened by possible political attacks from a criminal organization.",unknown_date,web_result
4039200,"""Exterminauts"" Steam",general,1,tavily,basic,1,https://store.steampowered.com/app/4039200/Exterminauts,Exterminauts on Steam,"© 2026 Behaviour Interactive Inc. and Proxima Beta Pte. Limited. All rights reserved. EXTERMINAUTS and BEHAVIOUR are trademarks or registered trademarks of Behaviour Interactive Inc. All other trademarks and logos cited herein are the property of their respective owners.

## What Curators Say

You can use this widget-maker to generate a bit of HTML that can be embedded in your website to easily allow customers to purchase this game on Steam. [...] and power tools (i.e Ice Cannon, Acid foams) to shoot and kill the intergalactic pests. Combat is accompanied by frequent sprays of unrealistic alien blood and gore as players exterminate the alien pests with wide assortment of weapons and tools.   
  
Some mature language are used to express the blue-collar theme of the game.

## System Requirements [...] STEAM
Link to the Steam Homepage

Exterminauts

Sign in to add this item to your wishlist, follow it, or mark it as ignored

|  | Interface | Full Audio | Subtitles |
 ---  --- |
| English | ✔ | ✔ | ✔ |
| French | ✔ |  | ✔ |
| German | ✔ |  | ✔ |
| Japanese | ✔ |  | ✔ |
| Korean | ✔ |  | ✔ |
| Portuguese - Brazil | ✔ |  | ✔ |
| Russian | ✔ |  | ✔ |
| Simplified Chinese | ✔ | ✔ | ✔ |
| Spanish - Latin America | ✔ |  | ✔ |
| Traditional Chinese | ✔ |  | ✔ |
| Italian | ✔ |  | ✔ |",unknown_date,web_result
4039200,"""Exterminauts"" Steam",general,1,tavily,basic,1,https://spacemarine.fandom.com/wiki/Exterminatus,Exterminatus | Space Marine Wiki | Fandom,"Because extra hidden achievements were accidentally put up on Steam earlier (and subsequently removed), it is speculated that 9 more achievements may be added for Exterminatus later on.

## Scoring[]

Points are given for each kill in a manner like so:

In addition, the player gain bonus points for special types of kills. Most of these bonus point modifiers are the same as the ones in Versus mode, such as ""Variety"", earned for dealing damage to the same enemy with multiple weapons. [...] # Exterminatus

Exterminatus gameplay
Exterminatus gameplay

Exterminatus gameplay

Exterminatus is a co-operative ""horde"" defense mode for up to four players in Warhammer 40,000: Space Marine. It was released as free DLC on October 25, 2011 for the PC and PlayStation 3, with the Xbox 360 version released on November 2, 2011.

An new DLC called Chaos Unleashed was announced on November 3, planned for December 2011 and containing a new Exterminatus scenario playable as Chaos Space Marines. [...] Performance is scored and displayed on the leaderboards, encouraging players to take the risk on dynamic in-game challenges that pop up during play (for example, ""Kill 10 Orks in 10 seconds"") with extra lives and points up for grabs if a challenge is completed.

Experience earned in Exterminatus counts towards multiplayer ranks, allowing players to level up in both Versus and Exterminatus simultaneously. Weapon and armor challenges, however, cannot be gained in Exterminatus.",unknown_date,web_result
4039200,"""Exterminauts"" Steam",general,1,tavily,basic,1,https://steamcommunity.com/sharedfiles/filedetails?id=2263465540,Steam Workshop::Running from Exterminatus,"STEAM
Link to the Steam Homepage

### RUNNING WITH RIFLES

|  |  |
 --- |
| 51,540 | Unique Visitors |
| 21,863 | Current Subscribers |
| 1,749 | Current Favorites |

# Subscribe to download Running from Exterminatus

:steamhappy:

Close

Close

## Edit links

Enter the full URL of your item or group's Facebook page

Enter the full URL of your item or group's Twitter page

If you have a related Youtube channel, enter the URL.

Enter the full URL of your item or group's Polycount page [...] Enter the full URL of your item or group's reddit page

Enter the full URL to your item or group's Sketchfab page

Close",unknown_date,web_result
4039200,"""Exterminauts"" Steam",general,1,tavily,basic,1,https://steamcommunity.com/sharedfiles/filedetails?id=3233872665,Steam Community :: Guide :: Codex Exterminatus,"STEAM
Link to the Steam Homepage

### Warhammer 40,000: Space Marine - Anniversary Edition

|  |  |
 --- |
| 5,085 | Unique Visitors |
| 177 | Current Favorites |

:SM2bloodangels:

Close

Close",unknown_date,web_result
4039200,"""Exterminauts"" trailer",general,1,tavily,basic,2,https://www.dualshockers.com/new-warhammer-40000-space-marine-trailer-showcases-exterminatus,New Warhammer 40000: Space Marine Trailer Showcases ...,"THQ just released a new trailer of Warhammer 40,000: Space Marine, showcasing the new co-op Exterminatus mode, that will be released on all",unknown_date,web_result
4039200,"""Exterminauts"" trailer",general,1,tavily,basic,2,https://spacemarine.fandom.com/wiki/Exterminatus,Exterminatus | Space Marine Wiki | Fandom,"## Scenarios[]

### Assault on Hab Center Andreas[]

...

### Escape From Kalkys Facility[]

...

## Videos[]

Warhammer_40,000_Space_Marine_Exterminatus_Launch_Trailer_-_Official     Warhammer_40,000_Space_Marine_-_Exterminatus_Co-op_DLC

Warhammer_40,000_Space_Marine_Exterminatus_Launch_Trailer_-_Official
Warhammer_40,000_Space_Marine_-_Exterminatus_Co-op_DLC

## Gallery[]

"")
"")
"")
"")
"")
"")
"")
"")

## External links[]

## New to Fandom? Let's make it official. [...] # Exterminatus

Exterminatus gameplay
Exterminatus gameplay

Exterminatus gameplay

Exterminatus is a co-operative ""horde"" defense mode for up to four players in Warhammer 40,000: Space Marine. It was released as free DLC on October 25, 2011 for the PC and PlayStation 3, with the Xbox 360 version released on November 2, 2011.

An new DLC called Chaos Unleashed was announced on November 3, planned for December 2011 and containing a new Exterminatus scenario playable as Chaos Space Marines. [...] ## Contents

## Overview[]

Coopshot1
Coopshot1
Coopshot2
Coopshot2
Coopshot4
Coopshot4

Exterminatus Mode pits an elite squad of up to four Space Marines against hordes of alien enemies in a score-based fight to the death. You can choose from the Tactical, Devastator or Assault Marine classes as well as utilize any weapons and perks available to those classes if you have unlocked them.",unknown_date,web_result
4039200,"""Exterminauts"" trailer",general,1,tavily,basic,2,https://www.reddit.com/r/Warhammer/comments/llt21/news_warhammer_40000_space_marine_exterminatus,Space Marine Exterminatus DLC Trailer : r/Warhammer,"12 votes, 12 comments. Who's down for some Exterminatus Tuesday morning? Drop your gamertags, yo.",unknown_date,reddit_discussion
4039200,"""Exterminauts"" gameplay",general,1,tavily,basic,3,https://spacemarine.fandom.com/wiki/Exterminatus,Exterminatus | Space Marine Wiki | Fandom,"# Exterminatus

Exterminatus gameplay
Exterminatus gameplay

Exterminatus gameplay

Exterminatus is a co-operative ""horde"" defense mode for up to four players in Warhammer 40,000: Space Marine. It was released as free DLC on October 25, 2011 for the PC and PlayStation 3, with the Xbox 360 version released on November 2, 2011.

An new DLC called Chaos Unleashed was announced on November 3, planned for December 2011 and containing a new Exterminatus scenario playable as Chaos Space Marines. [...] Performance is scored and displayed on the leaderboards, encouraging players to take the risk on dynamic in-game challenges that pop up during play (for example, ""Kill 10 Orks in 10 seconds"") with extra lives and points up for grabs if a challenge is completed.

Experience earned in Exterminatus counts towards multiplayer ranks, allowing players to level up in both Versus and Exterminatus simultaneously. Weapon and armor challenges, however, cannot be gained in Exterminatus. [...] ## Contents

## Overview[]

Coopshot1
Coopshot1
Coopshot2
Coopshot2
Coopshot4
Coopshot4

Exterminatus Mode pits an elite squad of up to four Space Marines against hordes of alien enemies in a score-based fight to the death. You can choose from the Tactical, Devastator or Assault Marine classes as well as utilize any weapons and perks available to those classes if you have unlocked them.",unknown_date,web_result
4039200,"""Exterminauts"" gameplay",general,1,tavily,basic,3,https://www.youtube.com/watch?v=HtiIzepujUk,Exterminatus - Space Marine's Co-Op Game Mode,Target damage from any range really with a stalker bolt or maybe a plasma gun while the assault class is hypermobile and flexible picking out pockets of enemies or getting important targets and that assault pack is just crazy overpowered to the point that it should maybe just straight up be illegal to use but the only real issue of the class being getting staggered and getting hit scanned by Shooters it was also a little eye-opening to play with three people too mainly because the similarities [...] a crazy amount of crowd control with a devastating stomp attack that can deal with normal Orcs at short range very easily he'd does really suck at getting out of a fight and getting rid of things at super long range though but he does have a cute little scooty Booty Dash movie does look the assault class gives you a jump pack a pistol and a melee weapon think of this one as the hyper mobile damage dealer with high risk and high reward gameplay and you can chunk long-range Silly billies by [...] fire allowing you to use the progression system and playing a condensed version of the campaign with friends and nothing's better than friendship nothing with it carrying a lot of the small minutia of Space Marines gameplay which I'll I'll talk about it some other time I'll I'll cover it with space for two don't worry I got you this time though enemy numbers are pumped up to make up for the amount of players in the game you can really feel the adrenaline rush through you as you and your buddies,unknown_date,web_result
4039200,"""Exterminauts"" gameplay",general,1,tavily,basic,3,https://www.youtube.com/watch?v=CmZUGJtzooE,Warhammer 40k Space Marine Exterminatus gameplay HD,"# Warhammer 40k Space Marine Exterminatus gameplay HD
## Sartek
819 subscribers
230 likes

### Description
71387 views
Posted: 26 Oct 2011
Exterminatus gameplay with World Tellers.
World Tellers are from Taleworlds forums.

105 comments
### Transcript:",unknown_date,web_result
4039200,"""Exterminauts"" gameplay",general,1,tavily,basic,3,https://www.youtube.com/watch?v=ZGTjZ6hgGMo,Space Marine Exterminatus!! Warhammer 40K: Space Marine Anniversary Edition - Exterminatus -2K 60fps,"# Space Marine Exterminatus!! Warhammer 40K: Space Marine Anniversary Edition - Exterminatus -2K 60fps
## Captain40K
4030 subscribers
65 likes

### Description
3258 views
Posted: 19 Jan 2025
Gameplay from Warhammer Space Marine
Join the Discord - 
#gaming #spacemarines #spacemarine2 #warhammer40k 
I did the thumbnail btw, in sfm

7 comments
### Transcript:",unknown_date,web_result
4039200,"""Exterminauts"" gameplay",general,1,tavily,basic,3,https://www.pcgamer.com/games/action/brother-your-world-faces-exterminatus-unless-you-watch-this-new-space-marine-2-gameplay-footage-right-now,"Brother, your world faces exterminatus unless you watch this new Space Marine 2 gameplay footage right now | PC Gamer","Titus and his squadmates as they carve through xenos scum. I've embedded it below, as The Emperor wills. [...] My excitement levels for Space Marine 2 have been fully restored. This feels like the inflection point after which, if it's a success, we could see more big budget 40k titles, eventually leading to my dream of Respawn creating an FPS set during the Horus Heresy. For now, if you're feeling thirsty to watch more purging, there is 30 minutes of 4K gameplay on the Punish channel, complete with zero commentary, so you can just enjoy the surprisingly well-written dialogue of Lieutenant Titus and his [...] Since then, the devs have had to deal with the fallout from a full build of the game leaking online, (at least it was long out of date), and more recently abandoned a planned public beta test in order to further focus on polish. Which brings us to this week, and a fresh round of playable impressions, the verdict from which is: Actually, this rips.",unknown_date,web_result
4039200,"""Exterminauts"" demo",general,1,tavily,basic,4,https://steamcommunity.com/id/texasermey/recommended/4546880,Steam Community :: Exterminatus :: Review for Breaking Armor Demo,"Exterminatus   » Reviews » Breaking Armor Demo

[](

View Store Page View Community Hub Find More Like This

View Store Page

View Community Hub

Find More Like This

[](

7 people found this review helpful

 1

 

Not Recommended

0.0 hrs last two weeks / 0.4 hrs on record

Posted: 20 Jun @ 11:58am

Product received for free [...] I dunno man, but mounting crucial O2 tanks of the OUTSIDE of the tank turret making you vulnerable to small arms kind of defeats the purpose of being in a super heavy tank.

Do you recommend this game?   Yes   No

Cancel   Save Changes

Was this review helpful?  Yes   No   Funny   Award [...] 简体中文 (Simplified Chinese)   繁體中文 (Traditional Chinese)   日本語 (Japanese)   한국어 (Korean)   ไทย (Thai)   Bahasa Indonesia (Indonesian)   Bahasa Melayu (Malay) BETA   Български (Bulgarian)   Čeština (Czech)   Dansk (Danish)   Deutsch (German)   Español - España (Spanish - Spain)   Español - Latinoamérica (Spanish - Latin America)   Ελληνικά (Greek)   Français (French)   Italiano (Italian)   Magyar (Hungarian)   Nederlands (Dutch)   Norsk (Norwegian)   Polski (Polish)   Português (Portuguese -",unknown_date,web_result
4039200,"""Exterminauts"" demo",general,1,tavily,basic,4,https://www.angrymetalguy.com/exterminatus-echoes-from-a-distant-star-part-1-review,Exterminatus - Echoes From a Distant Star Part 1 Review | Angry Metal Guy,"“Exterminatus” is a Warhammer 40k term that describes a global mass extinction event authorized by the emperor when the Imperium deems the cost of holding or retaking a planet too high. While I’m naïve about such things, Canadian fivesome Exterminatus certainly isn’t. And these Canucks are here to incinerate your eardrums with a heavy dose of sci-fi inspired tech-death. Originally demoed in 2012, Echoes From a Distant Star Part I was to be the follow-up to Xenocide’s debut album, Galactic [...] Rating: Mixed  
 DR: 4 | Format Reviewed: 256 kbps mp3  
 Label: Self-Released  
 Websites: exterminatus.bandcamp.com | facebook.com/exterminatusband  
 Releases Worldwide: April 18, 2025

Show 1 footnote

1. There is also a bonus track. A cover of Falco’s “Rock me Amadeus.” ↩

### Give in to Your Anger:

« GardensTale Goes to Roadburn 2025Solfatare – Asservis par l’espoir Review »

« PreviousNext »

I'm Feeling Angry

## Rating System [...] Exterminatus thrive when they back off the accelerator and use their technical expression to manipulate the cosmos in a manner that boosts Echoes’ groove-rich currents. Closer “The Signal,” is a no-frills banger that finishes with a savage dose of syncopated thrash riffs and agile drumming that aptly finds the balance between brutality and accessibility. Abreu’s playful bass lines at the onset of “Cosmic Disturbance” conveys its ominous warning with finesse, while the pulse-driven riffing of",unknown_date,web_result
4039200,"""Exterminauts"" demo",general,1,tavily,basic,4,https://spacemarine.fandom.com/wiki/Exterminatus,Exterminatus | Space Marine Wiki | Fandom,"# Exterminatus

Exterminatus gameplay
Exterminatus gameplay

Exterminatus gameplay

Exterminatus is a co-operative ""horde"" defense mode for up to four players in Warhammer 40,000: Space Marine. It was released as free DLC on October 25, 2011 for the PC and PlayStation 3, with the Xbox 360 version released on November 2, 2011.

An new DLC called Chaos Unleashed was announced on November 3, planned for December 2011 and containing a new Exterminatus scenario playable as Chaos Space Marines. [...] ## Contents

## Overview[]

Coopshot1
Coopshot1
Coopshot2
Coopshot2
Coopshot4
Coopshot4

Exterminatus Mode pits an elite squad of up to four Space Marines against hordes of alien enemies in a score-based fight to the death. You can choose from the Tactical, Devastator or Assault Marine classes as well as utilize any weapons and perks available to those classes if you have unlocked them. [...] ## Scenarios[]

### Assault on Hab Center Andreas[]

...

### Escape From Kalkys Facility[]

...

## Videos[]

Warhammer_40,000_Space_Marine_Exterminatus_Launch_Trailer_-_Official     Warhammer_40,000_Space_Marine_-_Exterminatus_Co-op_DLC

Warhammer_40,000_Space_Marine_Exterminatus_Launch_Trailer_-_Official
Warhammer_40,000_Space_Marine_-_Exterminatus_Co-op_DLC

## Gallery[]

"")
"")
"")
"")
"")
"")
"")
"")

## External links[]

## New to Fandom? Let's make it official.",unknown_date,web_result
4039200,"""Exterminauts"" demo",general,1,tavily,basic,4,https://exterminatushc.bandcamp.com,Music | EXTERMINATUS,"+ add

  1. album
  2. track
  3. merch
  4. listening party
  1. new artist
  2. existing artist
 stats
 cancel

 partner
 cancel

 

  1. artists

     PRO

     view site
  2. edit profile
  3. tools
  4. subscription subscription
  5. view collection
  6. purchases

  1. no results

  1. settings
  2. help
  3. log out
 sign up
 log in

Get fresh music recommendations delivered to your inbox every Friday.



1. music
2. community

1. 

   Demo II
2. 

   Demo

### Shopping cart [...] ### Shopping cart

|  |  |
 --- |
| subtotal | USD |
| taxes calculated at checkout |

 Check out

### about

EXTERMINATUS image

EXTERMINATUS Plymouth, UK

Hardcore from the BCITW.  
 Betrayed By Life Records.  
  
Drill your barrels.

1. Instagram

### contact / help

Contact EXTERMINATUS

Streaming and   
Download help

Report this account",unknown_date,web_result
4039200,"""Exterminauts"" demo",general,1,tavily,basic,4,https://www.iheart.com/artist/exterminatus-32294705/albums/demo-ll-365941330,"Listen to the Best Podcasts & Shows Online, Free | iHeart","Dateline NBC

Current and classic episodes, featuring compelling true-crime mysteries, powerful documentaries and in-depth investigations. Follow now to get the latest episodes of Dateline NBC completely free, or subscribe to Dateline Premium for ad-free listening and exclusive bonus content: DatelinePremium.com

iHeartRadio 24/7 News: The Latest)

iHeartRadio 24/7 News: The Latest

The latest news in 4 minutes updated every hour, every day.

## Featured Podcasts [...] # Stream Top Podcasts

Stream the best podcasts from your favorite stations

All Topics

## Popular Podcasts

Stuff You Should Know)

Stuff You Should Know

If you've ever wanted to know about champagne, satanism, the Stonewall Uprising, chaos theory, LSD, El Nino, true crime and Rosa Parks, then look no further. Josh and Chuck have you covered.

Dateline NBC)

Dateline NBC [...] This Was SportsCenter)

This Was SportsCenter",unknown_date,web_result
4039200,"""Exterminauts"" release date",general,1,tavily,basic,5,https://www.thriftbooks.com/w/warhammer-40000-exterminatus_dan-abnett_ian-edginton/561791,Warhammer 40000: Exterminatus book by Dan Abnett,"Release Date:June 2016 Publisher:Games Workshop Length:128 Pages Weight:1.00 lbs. Dimensions:10.2"" x 0.5"" x 6.7""",unknown_date,web_result
4039200,"""Exterminauts"" release date",general,1,tavily,basic,5,https://spacemarine.fandom.com/wiki/Exterminatus,Exterminatus | Space Marine Wiki | Fandom,"# Exterminatus

Exterminatus gameplay
Exterminatus gameplay

Exterminatus gameplay

Exterminatus is a co-operative ""horde"" defense mode for up to four players in Warhammer 40,000: Space Marine. It was released as free DLC on October 25, 2011 for the PC and PlayStation 3, with the Xbox 360 version released on November 2, 2011.

An new DLC called Chaos Unleashed was announced on November 3, planned for December 2011 and containing a new Exterminatus scenario playable as Chaos Space Marines. [...] ## Scenarios[]

### Assault on Hab Center Andreas[]

...

### Escape From Kalkys Facility[]

...

## Videos[]

Warhammer_40,000_Space_Marine_Exterminatus_Launch_Trailer_-_Official     Warhammer_40,000_Space_Marine_-_Exterminatus_Co-op_DLC

Warhammer_40,000_Space_Marine_Exterminatus_Launch_Trailer_-_Official
Warhammer_40,000_Space_Marine_-_Exterminatus_Co-op_DLC

## Gallery[]

"")
"")
"")
"")
"")
"")
"")
"")

## External links[]

## New to Fandom? Let's make it official. [...] Because extra hidden achievements were accidentally put up on Steam earlier (and subsequently removed), it is speculated that 9 more achievements may be added for Exterminatus later on.

## Scoring[]

Points are given for each kill in a manner like so:

In addition, the player gain bonus points for special types of kills. Most of these bonus point modifiers are the same as the ones in Versus mode, such as ""Variety"", earned for dealing damage to the same enemy with multiple weapons.",unknown_date,web_result
4039200,"""Exterminauts"" release date",general,1,tavily,basic,5,"https://en.wikipedia.org/wiki/Codex_(Warhammer_40,000)","Codex (Warhammer 40,000) - Wikipedia","| Shield of Baal: Deathstorm | Blood Angels vs Tyranids | N/A - Boxset | December 2014 |
| Shield of Baal: Exterminatus | Blood Angels and Necrons Detachments | 978-1-78253-625-3 | December 2014 |
| Shield of Baal: Leviathan | Cities of Death and Tyranids Update | 978-1-78253-619-2 | November 2014 |
| War Zone Fenris: Curse of the Wulfen | Space Wolves and Daemons Updates | 978-1-78581-067-1 | February 2016 | [...] | Codex | ISBN | Release date | Number of Pages |
 ---  --- |
| Space Marines | 978-1-80457-238-2 | September 16, 2023 | 216 |
| Tyranids | 978-1-80457-231-3 | September 2023 | 120 |
| Adeptus Mechanicus | 1-80457-278-0 | November 2023 | 120 |
| Necrons | 1-80457-287-X | November 2023 | 136 |
| T'au | 1-80457-352-3 | March 2024 | 136 |
| Adeptus Custodes | 978-1-80457-336-5 | April 2024 | 112 |
| Orks | 1-80457-320-5 | April 2024 | 152 |
| Chaos Space Marines | 1-80457-328-0 | May 2024 | 160 | [...] | Genestealer Cults | 1-80457-388-4 | June 2024 | 120 |
| Adepta Sororitas | 1-80457-396-5 | June 2024 | 129 |
| Imperial Agents | 1-80457-411-2 | August 2024 | 128 |
| Aeldari | 1-80457-492-9 | February 2025 |
| Astra Militarum | 978-1-80457-476-8 | February 2025 |
| Emperor’s Children | 978-1-80457-559-8 | April 2025 |
| World Eaters | 978-1-80457-509-3 | May 2025 |
| Death Guard | 978-1-80457-500-0 | May 2025 |
| Thousand Sons | 978-1-80457-526-0 | May 2025 |",unknown_date,web_result
4039200,"""Exterminauts"" release date",general,1,tavily,basic,5,https://wh40k.lexicanum.com/wiki/Exterminatus_(Graphic_Novel),Exterminatus (Graphic Novel) - Warhammer 40k - Lexicanum,Exterminatus is a graphic novel published by Boom Studios which follows the story of Inquisitor Alastor as he investigates the appearance of a number of Chaos,unknown_date,web_result
4039200,"""Exterminauts"" release date",general,1,tavily,basic,5,https://www.amazon.com/Warhammer-000-Exterminatus-Dan-Abnett/dp/1934506559,"Warhammer 40,000: Exterminatus: Dan Abnett, Ian Edginton, Daniel Lapham, Kevin Hopgood: 9781934506554: Amazon.com: Books","## Related products with free delivery on eligible orders

The Adventures of Odysseus: A Graphic Novel of The Odyssey
Town Builder 3: Fully Realized Castles, Temples, Estates, and Great Structures for Your TTRPG Fantasy Towns (Town Builder Series)
The Codex Arcanum 1888: The Alchemical Chronicles, Book 1
Strandbinder: A Sci-Fi LitRPG Adventure (Symphony, 3)
Hypgnosium: The Herculus Trilogy Book 1

Forget-me-not Volume 1
Cost of Survival: A LitRPG Apocalypse (The System Apocalypse) [...] ## Skip to

## Keyboard shortcuts

Books

Recently Visited

Featured

Top Categories

Fiction

Nonfiction

Children's Books

Shorts

Comics & Manga

More Categories

All Categories

Top Categories

Fiction

Nonfiction

Children's Books

Shorts

Comics & Manga

More Categories

Recently Visited

Featured

New & Trending

Recently Visited

Featured

Deals & Rewards

Recently Visited

Featured

Best Sellers

Acclaimed

From Our Editors

Recently Visited

Featured

Memberships

Recently Visited [...] Using your mobile phone camera - scan the code below and download the Kindle app.

QR code to download the Kindle App

QR code to download the Kindle App

#### Image Unavailable

Warhammer 40,000: Exterminatus

# Follow the author

Dan Abnett

OK

# Warhammer 40,000: Exterminatus

## Customers who viewed this item also viewed

Blood and Thunder (Warhammer 40,000)
Warhammer 40,000 Vol. 1: Will of Iron

## Editorial Reviews

### From School Library Journal

## Product details

## Videos",unknown_date,web_result
4039200,"""Exterminauts"" announcement",general,1,tavily,basic,6,https://spacemarine.fandom.com/wiki/Exterminatus,Exterminatus | Space Marine Wiki | Fandom,"# Exterminatus

Exterminatus gameplay
Exterminatus gameplay

Exterminatus gameplay

Exterminatus is a co-operative ""horde"" defense mode for up to four players in Warhammer 40,000: Space Marine. It was released as free DLC on October 25, 2011 for the PC and PlayStation 3, with the Xbox 360 version released on November 2, 2011.

An new DLC called Chaos Unleashed was announced on November 3, planned for December 2011 and containing a new Exterminatus scenario playable as Chaos Space Marines. [...] ## Scenarios[]

### Assault on Hab Center Andreas[]

...

### Escape From Kalkys Facility[]

...

## Videos[]

Warhammer_40,000_Space_Marine_Exterminatus_Launch_Trailer_-_Official     Warhammer_40,000_Space_Marine_-_Exterminatus_Co-op_DLC

Warhammer_40,000_Space_Marine_Exterminatus_Launch_Trailer_-_Official
Warhammer_40,000_Space_Marine_-_Exterminatus_Co-op_DLC

## Gallery[]

"")
"")
"")
"")
"")
"")
"")
"")

## External links[]

## New to Fandom? Let's make it official. [...] Performance is scored and displayed on the leaderboards, encouraging players to take the risk on dynamic in-game challenges that pop up during play (for example, ""Kill 10 Orks in 10 seconds"") with extra lives and points up for grabs if a challenge is completed.

Experience earned in Exterminatus counts towards multiplayer ranks, allowing players to level up in both Versus and Exterminatus simultaneously. Weapon and armor challenges, however, cannot be gained in Exterminatus.",unknown_date,web_result
4039200,"""Exterminauts"" announcement",general,1,tavily,basic,6,https://www.shacknews.com/article/70774/free-space-marine-exterminatus-co-op-dlc-launches,Free Space Marine 'Exterminatus' co-op DLC launches | Shacknews,"Here's the announcement trailer, of which I'm sure the Emperor would approve.

Jeff Mattas

Filed Under

 xbox 360
 PlayStation 3
 Relic Entertainment
 THQ
 PC

From The Chatty

Refresh Go To Thread

 Shacknews legacy 10 years legacy 20 years

   reply

  October 25, 2011 5:00 PM [...] A new trailer for said 'Exterminatus' mode accompanies the launch, showing off the game's three classes--Assault, Devastator, and Tatical Marines--fending off waves of the Orkish horde. Experience earned while playing the two co-op maps--called ""Assault on Hab Center Andreas"" and ""Escape From Kalkys Facility"" contributes to the running XP total for multiplayer unlocks, which also means you'll retain access to perks and weapons unlocked while playing the game's competitive multiplayer modes. [...] Jeff Mattas

3

It might be time to slip into some power armor again and dust off your chainsword again--this time, with friends. some As promised, Relic Entertainment has released free co-op DLC for Warhammer 40,000: Space Marine today, called 'Exterminatus.' Available now for PC and PlayStation 3, the press release notes that the Xbox 360 version of the content will be available ""soon.""",unknown_date,web_result
4039200,"""Exterminauts"" announcement",general,1,tavily,basic,6,https://wh40k.lexicanum.com/wiki/Exterminatus,Exterminatus - Warhammer 40k - Lexicanum,"Exterminatus is essentially one of the many tools in the armoury of the Imperium, used in those cases where complete destruction is deemed a better solution than conventional or covert methods. The world in question may have fallen to Chaos worship, or its Imperial government overthrown and replaced by the rule of aliens such as Genestealers, or it may be a non-Imperial world harbouring an extraordinarily powerful and dangerous species of alien. Exterminatus is often a last resort taken when a [...] ## Overview

Exterminatus is the most extreme method of dealing with some form of heresy, corruption or alien infiltration which has taken root within a planet's population. Accordingly it is only used in the most extreme of circumstances, when the level of corruption a world bears is so monumental that it cannot be wiped out by any other means. The destruction of the entire population is deemed necessary to prevent the contagion from spreading further.(#fn_4) [...] ## Images

The Ordo Malleus arrives at Typhon Primaris and initiates Exterminatus with massed Orbital Strikes(#fn_2)

Exterminatus depicted in Battlefleet Gothic: Armada ""Battlefleet Gothic: Armada (Video Game)"")

## Related Videos

Exterminatus trailer for Warhammer 40,000: Rogue Trader (Video Game) ""Warhammer 40,000: Rogue Trader (Video Game)"")(#fn_23)

## Trivia",unknown_date,web_result
4039200,"""Exterminauts"" announcement",general,1,tavily,basic,6,https://www.youtube.com/watch?v=-ForIrRBbBw,"40K EXTERMINATUS - The Planet Killer | Warhammer 40,000 Lore/History","# 40K EXTERMINATUS - The Planet Killer | Warhammer 40,000 Lore/History
## Luetin09
977000 subscribers
24176 likes

### Description
1094999 views
Posted: 21 Oct 2019
► Subscribe:  
► Siege Studios: 
► Goblin Gaming: (Get - 20% off 40K Products) 
► Premium Storage Solutions: 
► Patreon:  
► Twitch: 
► Twitter: 

► BGM Credits:
► Kevin MacLeod (Royalty Free Music): 
► 
► AloneWolf: [...] meant depriving the tyranids of biomatter this would lead to him having the disturbing realization that what he wanted to do was create essentially a fire break between the worlds not yet enveloped by the two needs hi fleet in the shadow in the warp so they may stand a chance to repel it from invading other systems with this goal in mind kripp Minh would declare multiple orders of exterminate us and any planets that fell within the cordon Minh had decided upon would be prepared to undergo his [...] the High Lords of Terror about this new hive fleet but by this time many worlds were already being lost and enveloped by the shadow in the war but first kripp Minh would look to the world of core Dilys which appeared to be one of the next planets in the path of the hive fleet and despite in peril Navy objections kripp Minh would declare and succeed in carrying out exterminators to the planet wiping out its population of billions with virus bombs the catastrophic level of civilian deaths along",unknown_date,web_result
4039200,"""Exterminauts"" announcement",general,1,tavily,basic,6,https://www.tiktok.com/@chrisnaturallyrp/video/7255690070689074458?lang=en,Christopher Tester on TikTok,"3232

·7-16

Image 17: Another excerpt from THE COUNT OF MONTE CRISTO. My narration of it is out now on Spotify and other platforms. #thecountofmontecristo #countofmontecristo #alexandredumas #literature #audiobook 

SONG OF SACRIFICE by Janell Rhiannon. Part 1 of the Homeric Chronicles, focusing on the lead up to the Trojan War. The audiobook fundraiser campaign launches September 1st #greekmythology #greekmyths #trojanwar #iliad #audiobook @Janell Rhiannon 

Christopher Tester

905

·8-10 [...] 87.6K

·6-24

Image 19: Another excerpt from THE COUNT OF MONTE CRISTO. My narration of it is out now on Spotify and other platforms. #thecountofmontecristo #countofmontecristo #alexandredumas #literature #audiobook 

THE LION’S WAY. By Michael Chandler - Three Lions Team Driver. C/o Jude Bellingham. #threelions #football #judebellingham #fifaworldcup #poetry 

Christopher Tester

2648

·7-17 [...] TikTok

Log in

TikTok

dawn of war 2 warhammer typhon

For You

Explore

Following

LIVE

Upload

Profile

More

Log in

© 2026 TikTok

Image 1

We're having trouble playing this video. Please refresh and try again.

Image 2: chrisnaturallyrp

12.5K

111

2659

497



MEN DON’T TALK by Thomas Colbeck (writingwithtom) #mensmentalhealth #mendonttalk #depression #mensmentalhealth #mentalhealth 

Christopher Tester

23K

·7-13",unknown_date,web_result
4039200,"""Exterminauts"" preview",general,1,tavily,basic,7,https://www.mtgsalvation.com/forums/magic-fundamentals/the-rumor-mill/827703-40k-exterminatus-crendor-preview,[40K] Exterminatus — Crendor preview - The Rumor Mill,"Desperate times call for desperate measures, and that measure for the Imperium of Man is to annihilate an entire planet. Meet the infamous",unknown_date,web_result
4039200,"""Exterminauts"" preview",general,1,tavily,basic,7,https://wh40k.lexicanum.com/wiki/Exterminatus,Exterminatus - Warhammer 40k - Lexicanum,"## Overview

Exterminatus is the most extreme method of dealing with some form of heresy, corruption or alien infiltration which has taken root within a planet's population. Accordingly it is only used in the most extreme of circumstances, when the level of corruption a world bears is so monumental that it cannot be wiped out by any other means. The destruction of the entire population is deemed necessary to prevent the contagion from spreading further.(#fn_4) [...] Inquisiton.png

Exterminatus extremis(#fn_3) is the obliteration of a world's entire population through some form of weapon used from orbit or nearby space.

## Overview [...] Exterminatus is essentially one of the many tools in the armoury of the Imperium, used in those cases where complete destruction is deemed a better solution than conventional or covert methods. The world in question may have fallen to Chaos worship, or its Imperial government overthrown and replaced by the rule of aliens such as Genestealers, or it may be a non-Imperial world harbouring an extraordinarily powerful and dangerous species of alien. Exterminatus is often a last resort taken when a",unknown_date,web_result
4039200,"""Exterminauts"" preview",general,1,tavily,basic,7,https://spacemarine.fandom.com/wiki/Exterminatus,Exterminatus | Space Marine Wiki | Fandom,"## Contents

## Overview[]

Coopshot1
Coopshot1
Coopshot2
Coopshot2
Coopshot4
Coopshot4

Exterminatus Mode pits an elite squad of up to four Space Marines against hordes of alien enemies in a score-based fight to the death. You can choose from the Tactical, Devastator or Assault Marine classes as well as utilize any weapons and perks available to those classes if you have unlocked them. [...] # Exterminatus

Exterminatus gameplay
Exterminatus gameplay

Exterminatus gameplay

Exterminatus is a co-operative ""horde"" defense mode for up to four players in Warhammer 40,000: Space Marine. It was released as free DLC on October 25, 2011 for the PC and PlayStation 3, with the Xbox 360 version released on November 2, 2011.

An new DLC called Chaos Unleashed was announced on November 3, planned for December 2011 and containing a new Exterminatus scenario playable as Chaos Space Marines. [...] ## Scenarios[]

### Assault on Hab Center Andreas[]

...

### Escape From Kalkys Facility[]

...

## Videos[]

Warhammer_40,000_Space_Marine_Exterminatus_Launch_Trailer_-_Official     Warhammer_40,000_Space_Marine_-_Exterminatus_Co-op_DLC

Warhammer_40,000_Space_Marine_Exterminatus_Launch_Trailer_-_Official
Warhammer_40,000_Space_Marine_-_Exterminatus_Co-op_DLC

## Gallery[]

"")
"")
"")
"")
"")
"")
"")
"")

## External links[]

## New to Fandom? Let's make it official.",unknown_date,web_result
4039200,"""Exterminauts"" preview",general,1,tavily,basic,7,https://www.reddit.com/r/40kLore/comments/grt7bi/found_this_little_40k_cinematic_altough_short_it,"Found this little 40k cinematic. Altough short, it shows that ...","Exterminatus is just killing everything on the planet. There is more than one way to do so, but the most efficient are cyclonic torpedoes or",unknown_date,reddit_discussion
4039200,"""Exterminauts"" preview",general,1,tavily,basic,7,https://steamcommunity.com/sharedfiles/filedetails?id=3233872665,Steam Community :: Guide :: Codex Exterminatus,"STEAM
Link to the Steam Homepage

### Warhammer 40,000: Space Marine - Anniversary Edition

|  |  |
 --- |
| 5,085 | Unique Visitors |
| 177 | Current Favorites |

:SM2bloodangels:

Close

Close",unknown_date,web_result
4039200,"""Exterminauts"" review",general,1,tavily,basic,8,https://www.angrymetalguy.com/exterminatus-echoes-from-a-distant-star-part-1-review,Exterminatus - Echoes From a Distant Star Part 1 Review | Angry Metal Guy,"Raising the pace and intensity of its predecessors, Exterminatus mostly operates in overdrive on Echoes, peppering the limited moments of empty space with Faceless-esque grooves and melodic leads. Lead by the dual axe attacks of Tabreez Azad and Elia Baghbaniyan, the duo warps the fabric of reality with their percussive shredding, laser-fire tremolos, and technical articulation, flicking and tapping for thirty minutes across the album’s seven chapters.1 Together with Max Sepulveda’s (The Zenith [...] Exterminatus thrive when they back off the accelerator and use their technical expression to manipulate the cosmos in a manner that boosts Echoes’ groove-rich currents. Closer “The Signal,” is a no-frills banger that finishes with a savage dose of syncopated thrash riffs and agile drumming that aptly finds the balance between brutality and accessibility. Abreu’s playful bass lines at the onset of “Cosmic Disturbance” conveys its ominous warning with finesse, while the pulse-driven riffing of [...] Despite years of development, Echoes doesn’t hit its mark. Exterminatus clearly possess the talent to create something special, and their commitment to crafting an ambitious, sci-fi narrative is commendable. However, the album’s songwriting and production prevent it from reaching its potential, serving instead as a demonstration of what they are capable of. What Echoes lacks in cohesion, it partly compensates for in technical expression and sheer sonic intensity. But if Exterminatus can refine",unknown_date,web_result
4039200,"""Exterminauts"" review",general,1,tavily,basic,8,https://davidmuscatliterature.wordpress.com/2026/05/10/book-review-angel-exterminatus,Book review: Angel Exterminatus – David Muscat Literature,"Angel Exterminatus was originally conceived by gun author Graham McNeill as a sequel to Fulgrim, one of his previous Horus Heresy books.  Fulgrim is a novel I consider to be the absolute best the series has to offer, and peak Black Library fiction.  And so, it’s fair to say Exterminatus had very big shoes to fill.  Not only that, but whereas Fulgrim focused solely on the depraved downfall of the Emperor’s Children legion and its eponymous primarch, Exterminatus sees the hot pink clad chaos [...] The climatic final act is the book’s crowning glory.  It contains everything we all adore about Warhammer – butchery, betrayal and planet-destroying goodness.  It’s unashamedly gratuitous, and it revels in its excesses, much like the Emperor’s Children would.  Some might deride it as simple bolter-porn but come on, this is why we all love 40k.  The action, setting and characters are just so over-the-top.

Credit: Google [...] There were so many memorable scenes in this book.  The attempted seduction of an Iron Warrior to the excesses of Slaanesh was perfectly realised, depicting with horror and clarity how attractive the temptations of the dark prince could be to a tired and war-weary space marine.

Credit: Google",unknown_date,web_result
4039200,"""Exterminauts"" review",general,1,tavily,basic,8,https://www.youtube.com/watch?v=Urlm_WRf_08,Angel Exterminatus by Graham McNeill | Book Review | Horus Heresy,revulsion at the grotesque Act of the third Legion this novel does an excellent job at putting you in the mindset of these rude Olympians giving plenty of telling examples that make you understand their story and how they got there showcasing their culture and their surprising knack for Artistry in construction which does make you wonder what could have been had anyone bought to give them a more fitting task but alas the pristine sword was blunted on a rock until it broke talking about pristine [...] good day ladies and gentlemen I just read Angel exterminatus by gr mcneel and it was pretty cool see what I did there because it is about perto Robo never mind anyways this novel follows the iron Warriors as they are convinced by full Grim to join him on a quest into the eye of Terror led by a mysterious alari sear they go on a mission to capture the angel exterminatus which is rumored to be a legendary weapon meanwhile we also see some Emperor children Shenanigans with Lucius idolon and [...] telling you why the middle part May drag a bit and you may feel like some parts don't go anywhere but trust me when I say the ending has a lot of really cool payoffs so altogether Angel exterminatus gets four to five warps SMS the book has some great character arcs involving many of the iron Warriors that will play a role in McNeil's later 40K works it portrays perto robo in an interesting way that neither justifies his actions nor turns him into a villain we get to see Fabius be a monster and,unknown_date,web_result
4039200,"""Exterminauts"" review",general,1,tavily,basic,8,http://www.mengelminiatures.com/2015/04/review-angel-exterminatus.html,Mengel Miniatures: REVIEW: Angel Exterminatus,"Mengel Miniatures

## Navigation Bar

 Painting Tutorials
 The Army Painter Blog
 Book & Game Reviews
 Interviews
 Mini of the Week
 YouTube Channel

## Monday, April 20, 2015

### REVIEW: Angel Exterminatus

   

Email ThisBlogThis!Share to XShare to FacebookShare to Pinterest

Labels: Review, Warhammer 40K

#### No comments:

#### Post a Comment

Subscribe to: Post Comments (Atom)",unknown_date,web_result
4039200,"""Exterminauts"" review",general,1,tavily,basic,8,https://www.reddit.com/r/Warhammer40k/comments/1pf3jh7/how_legit_is_exterminatus_co,How legit is Exterminatus Co.? : r/Warhammer40k,"Its 100% a scam . Not a scam necessarily, but is a dropshipping site for marked up cheap knockoff. You'll its not really good quality or even",unknown_date,reddit_discussion
4039200,"""Exterminauts"" publisher",general,1,tavily,basic,9,https://wh40k.lexicanum.com/wiki/Angel_Exterminatus_(Novel),Angel Exterminatus (Novel) - Warhammer 40k - Lexicanum,"|  |  |
 --- |
| Book2.jpg | Publications Portal |
| Angel Exterminatus | |
| Angel-exterminatus.jpg Cover art by Neil Roberts | | |
| Author | Graham McNeill |
| Performer | David Timson |
| Publisher | Black Library ""Black Library (BL Publishing)"") |
| Series | Horus Heresy Series |
| Preceded by | Shadows of Treachery ""Shadows of Treachery (Anthology)"") |
| Followed by | Betrayer ""Betrayer (Novel)"") |
| Released | October 2012 |
| Pages | 448 |
| Length | 19 hours | [...] Book2.jpg
Angel-exterminatus.jpg

2012 audiobook  
ISBN 9780857876393

2013 trade paperback  
ISBN 9781849703598

Angel Exterminatus is the 23rd novel in the Horus Heresy Series, written by Graham McNeill. A special edition hardback was released in October 2012, with the trade paperback being published in January 2013 and the mass-market paperback being released in July 2013. It was later included in ""The Novels: Volume 5"" eBook collection. [...] | Editions | 2012 hardcover ISBN 9781849702096 2012 audiobook ISBN 9780857876393  2013 trade paperback ISBN 9781849703598 |",unknown_date,web_result
4039200,"""Exterminauts"" publisher",general,1,tavily,basic,9,https://www.amazon.com/Warhammer-000-Exterminatus-Dan-Abnett/dp/1934506559,"Warhammer 40,000: Exterminatus: Dan Abnett, Ian Edginton, Daniel Lapham, Kevin Hopgood: 9781934506554: Amazon.com: Books","##### 6pm

##### AbeBooks

##### ACX

##### Sell on Amazon

##### Veeqo

##### Amazon Business

##### AmazonGlobal

##### Amazon Web Services

##### Audible

##### Box Office Mojo

##### Goodreads

##### IMDb

##### IMDbPro

##### Kindle Direct Publishing

##### Prime Video Direct

##### Shopbop

##### Woot!

##### Zappos

##### Ring

##### eero WiFi

##### Blink

##### Neighbors App

##### PillPack [...] Dan Abnett and Ian Edgington are the authors of this action packed compiled series. The art is regular, although some plates are quite good. Naturally this work is a niche product destined to WH 40K fans (a very big niche indeed). Most readers, wich aren't familiar with the cosmology and mythology related to that rich background, will not benefit fully from the story or understand the fanatical and extreme attitudes of the contenders. [...] Using your mobile phone camera - scan the code below and download the Kindle app.

QR code to download the Kindle App

QR code to download the Kindle App

#### Image Unavailable

Warhammer 40,000: Exterminatus

# Follow the author

Dan Abnett

OK

# Warhammer 40,000: Exterminatus

## Customers who viewed this item also viewed

Blood and Thunder (Warhammer 40,000)
Warhammer 40,000 Vol. 1: Will of Iron

## Editorial Reviews

### From School Library Journal

## Product details

## Videos",unknown_date,web_result
4039200,"""Exterminauts"" publisher",general,1,tavily,basic,9,https://www.amazon.com.be/-/en/WARHAMMER-40K-EXTERMINATUS-Dan-Abnett/dp/1784964689,"WARHAMMER 40K EXTERMINATUS : Abnett, Dan, Edginton, Ian: Amazon.com.be: Books","##### Four Stars

Neat Graphic Novel. Another insight into the Black Templars Chapter and missions.

WARHAMMER 40K EXTERMINATUS

|  |

|  |

##### Amazon Advertising

##### Kindle Direct Publishing

##### IMDb

##### Goodreads

##### Amazon Web Services [...] #### Issue loading the information

#### Issue loading the information

## Customer reviews

Customer Reviews, including Product Star Ratings, help customers to learn more about the product and decide whether it is the right product for them. [...] To calculate the overall star rating and percentage breakdown by star, we don’t use a simple average. Instead, our system considers things like how recent a review is and if the reviewer bought the item on Amazon. It also analyses reviews to verify trustworthiness.

Customer image

##### 

###### Images in this review

### Top reviews from Belgium

### Top reviews from other countries

##### Exterminatus

História completa e linear com bons traços e colorização.",unknown_date,web_result
4039200,"""Exterminauts"" publisher",general,1,tavily,basic,9,https://warhammer40k.fandom.com/wiki/Exterminatus,Exterminatus,"## Sources

   _Warhammer 40,000: Rulebook_ (6th Edition), pg. 154
   _Ultramarines Series_ (Novels) by Graham McNeill
   _Inquisition War Trilogy_ (Novels) by Ian Watson
   _Fall of Macharius_ (Novel) by William King, pp. 215-217
   _Dawn of War II_ (PC Game)
   _Dawn of War II - Retribution_ (PC Game)
   _Warhammer 40,000: Fire Warrior ""Fire Warrior (Game)"")_ (Video Game) (Campaign Ending Cutscene)

 Categories [...] Categories 

   Categories: 
   E
   Adepts
   Imperial Guard
   Imperial Navy
   Imperium
   Imperial weapons
   Inquisition
   Space Marines
   Weapons

 Languages 

Español

 Community content is available under CC-BY-SA unless otherwise noted. 

 More Fandoms 

   Fantasy
   Sci-fi

 Advertisement 

 Advertisement 

 Advertisement 

## Image 7: Fandom logo

### Explore properties

   Fandom
   Fanatical
   GameSpot
   Metacritic
   TV Guide
   Honest Entertainment

### Follow Us [...] These cookies are set by a range of social media services that we have added to the site to enable you to share our content with your friends and networks. They are capable of tracking your browser across other sites and building up a profile of your interests. This may impact the content and messages you see on other websites you visit. If you do not allow these cookies you may not be able to use or see these sharing tools.

### Cookie List

Clear

   - [x] checkbox label label 

Apply Cancel",unknown_date,web_result
4039200,"""Exterminauts"" publisher",general,1,tavily,basic,9,https://www.reddit.com/r/40kLore/comments/jyjj73/what_is_the_exterminatus_trilogy,"What is the ""Exterminatus trilogy"" ? : r/40kLore","I've read a comment about it, but can't fathom what this is about or what the original series is called at all.",unknown_date,reddit_discussion
4039200,"""Exterminauts"" developer",general,1,tavily,basic,10,https://www.destructoid.com/hands-on-warhammer-40000-space-marine-exterminatus,"Hands-on: Warhammer 40,000: Space Marine ‘Exterminatus’","Danilo Grbović is an esteemed code writer for GAMURS and a recognized authority in the gaming world. His status as a certified weeb is backed by extensive knowledge and expertise in anime, especially in sourcing codes for Anime Roblox Games with unmatched proficiency. Having honed his skills in gaming to the extent of metaphorically speedrunning Sonic 3 & Knuckles prenatally, he embodies gaming prowess. Known for his insightful commentary on Silent Hill 3 and Nier Replicant, his opinions are [...] Recommended Videos

Last night, THQ announced a new co-op mode for _Warhammer 40,000: Space Marine_. Exterminatus pits a squad of four Space Marines against increasingly intense waves of screaming Orks on a variety of maps. It’s scheduled to arrive — for free — thirty days after the game launches, which is … _strange_, to say the least. [...] Recommended Videos Last night, THQ announced a new co-op mode for Warhammer 40,000: Space Marine. Exterminatus pits a squad of four Space Marines against increasingly intense waves of screaming Orks on a variety of maps. It’s scheduled to arrive — for free — thirty days after the game launches, which is … strange, to say […]

Image 4: James Stephanie Sterling

James Stephanie Sterling

Published: Sep 2, 2011 11:00 am

Image 5

Recommended Videos",unknown_date,web_result
4039200,"""Exterminauts"" developer",general,1,tavily,basic,10,https://www.youtube.com/watch?v=-ForIrRBbBw,"40K EXTERMINATUS - The Planet Killer | Warhammer 40,000 Lore/History","Games workshop, Warhammer 40,000, Warhammer, 40k, Space Marine Etc are all Trademarks of Games Workshop Ltd. Games Workshop does not endorse or support the 'Lore' videos. All views and opinions expressed in this video belong to Luetin09 and in no way reflect the views or opinions of Games Workshop Ltd. [...] meant depriving the tyranids of biomatter this would lead to him having the disturbing realization that what he wanted to do was create essentially a fire break between the worlds not yet enveloped by the two needs hi fleet in the shadow in the warp so they may stand a chance to repel it from invading other systems with this goal in mind kripp Minh would declare multiple orders of exterminate us and any planets that fell within the cordon Minh had decided upon would be prepared to undergo his [...] act of defiance in the face of the many enemies of man exterminators has been used to cleanse planets rightfully owned by mankind in the face of unrecoverable and planet-wide heresy Mutai no disease that has spread like wildfire past the point of return to stop Warcraft's opening or when they have already become too severe it is also employed when xenos are so entrenched that a planet is considered too costly to recover this is not especially common because the disposable manpower the Imperium",unknown_date,web_result
4039200,"""Exterminauts"" developer",general,1,tavily,basic,10,https://wh40k.lexicanum.com/wiki/Exterminatus,Exterminatus - Warhammer 40k - Lexicanum,"Exterminatus is essentially one of the many tools in the armoury of the Imperium, used in those cases where complete destruction is deemed a better solution than conventional or covert methods. The world in question may have fallen to Chaos worship, or its Imperial government overthrown and replaced by the rule of aliens such as Genestealers, or it may be a non-Imperial world harbouring an extraordinarily powerful and dangerous species of alien. Exterminatus is often a last resort taken when a [...] ## Overview

Exterminatus is the most extreme method of dealing with some form of heresy, corruption or alien infiltration which has taken root within a planet's population. Accordingly it is only used in the most extreme of circumstances, when the level of corruption a world bears is so monumental that it cannot be wiped out by any other means. The destruction of the entire population is deemed necessary to prevent the contagion from spreading further.(#fn_4) [...] Inquisiton.png

Exterminatus extremis(#fn_3) is the obliteration of a world's entire population through some form of weapon used from orbit or nearby space.

## Overview",unknown_date,web_result
4039200,"""Exterminauts"" developer",general,1,tavily,basic,10,https://warhammer40k.fandom.com/wiki/Exterminatus,Exterminatus,"## Sources

   _Warhammer 40,000: Rulebook_ (6th Edition), pg. 154
   _Ultramarines Series_ (Novels) by Graham McNeill
   _Inquisition War Trilogy_ (Novels) by Ian Watson
   _Fall of Macharius_ (Novel) by William King, pp. 215-217
   _Dawn of War II_ (PC Game)
   _Dawn of War II - Retribution_ (PC Game)
   _Warhammer 40,000: Fire Warrior ""Fire Warrior (Game)"")_ (Video Game) (Campaign Ending Cutscene)

 Categories [...] Recently, during the 13 th Black Crusade of 999.M41, Lord CastellanUrsarkar E. Creed, the Planetary Governor of Cadia and Imperial Commander of the entire Cadian Sector of the Segmentum Obscurus, ordered a massive nuclear fusion Plasma Reactor (Generatorium), on the prison world of St. Josmane's Hope in the Cadia System to be overloaded when it seemed that the forces of Chaos would finally take the world. [...] ### Other

During the conquest of the world of Loki, Lord Commander Solar Macharius ordered the destruction of the entire world. Macharius instructed the Tech-priests to change the orbit of Loki's moon, which was achieved by using huge machines placed on the surface that employed massive plasma drives to reposition the moon into the correct orbital path.",unknown_date,web_result
4039200,"""Exterminauts"" developer",general,1,tavily,basic,10,https://steamcommunity.com/sharedfiles/filedetails?id=3233872665,Steam Community :: Guide :: Codex Exterminatus,"STEAM
Link to the Steam Homepage

### Warhammer 40,000: Space Marine - Anniversary Edition

|  |  |
 --- |
| 5,085 | Unique Visitors |
| 177 | Current Favorites |

:SM2bloodangels:

Close

Close",unknown_date,web_result
4039200,"site:reddit.com ""Exterminauts""",social,3,tavily,basic,11,https://www.reddit.com/r/40kLore/comments/a56rp8/what_are_the_criteriaswhat_is_the_process_of,What are the criterias/What is the process of Exterminatus?,"Exterminatus normally involves moving ships with specialist munitions into orbit, calculating the correct spread and saturation for the ...Read more",unknown_date,reddit_discussion
4039200,"site:reddit.com ""Exterminauts""",social,3,tavily,basic,11,https://www.reddit.com/r/40kLore/comments/rl2b9m/what_exactly_is_the_process_for_declaring,What exactly is the process for declaring exterminatus like?,"Exterminatus is basically a declaration of complete loss on the Imperium's part, ordered when the planet is fully lost and unsalvageable.",unknown_date,reddit_discussion
4039200,"site:reddit.com ""Exterminauts""",social,3,tavily,basic,11,https://www.reddit.com/r/Spacemarine/comments/1g4x9ml/at_this_point_why_no_exterminatus,At this point why no Exterminatus ? : r/Spacemarine,"Exterminatus is used to prevent a foothold, as Tyranids do not establish footholds, They come, they destroy, they consume, they leave. There is",unknown_date,reddit_discussion
4039200,"site:reddit.com ""Exterminauts""",social,3,tavily,basic,11,https://www.reddit.com/r/40kLore/comments/10mhnd5/excerpt_rulebook_only_four_types_of_individuals,[Excerpt: Rulebook] Only four types of individuals can order ...,The order for Exterminatus is a death knell for a world. It calls for the complete eradication of all life on a planet.Read more,unknown_date,reddit_discussion
4039200,"site:reddit.com ""Exterminauts""",social,3,tavily,basic,11,https://www.reddit.com/r/40kLore/comments/133vzho/how_rare_is_exterminatus,How rare is exterminatus? : r/40kLore,"Some lore material imply the Imperium is all too happy to give out the order, others say it’s an order rarely given. How often does the Imperium carry",unknown_date,reddit_discussion
4039200,"site:tiktok.com ""Exterminauts""",social,4,tavily,basic,12,https://www.tiktok.com/@earlclipster/photo/7678942801769319694,ExterminautsPartner A 3-player co-op PvE sh...,Meet Exterminauts - #ExterminautsPartner A 3-player co-op PvE shooter where you and your squad take on the job of exterminating alien,unknown_date,social_post
4039200,"site:tiktok.com ""Exterminauts""",social,4,tavily,basic,12,https://www.tiktok.com/tag/exterminatus,exterminatus,solution this is known as exterminates. and that basically. means to exterminate all life on a planet. being overrun by tyrants.,unknown_date,social_post
4039200,"site:tiktok.com ""Exterminauts""",social,4,tavily,basic,12,https://www.tiktok.com/@earlclipster/video/7678515153230368013,Finally a space-like game 😳#ExterminautsPartner ...,TikTok video from Masked Clipper (@earlclipster): “Finally a space-like game #ExterminautsPartner #Exterminauts #space #aliens”.,unknown_date,social_post
4039200,"site:tiktok.com ""Exterminauts""",social,4,tavily,basic,12,https://shop.tiktok.com/us/k/angel-exterminatus,angel exterminatus,"Angel Exterminatus delves into the intricate and captivating world of Warhammer 40,000, offering readers a thrilling narrative filled with rich lore and complex",unknown_date,social_post
4039200,"site:x.com ""Exterminauts""",social,4,tavily,basic,14,https://x.com/GameSpot/status/2093118760433635674,"GameSpot on X: ""Exterminauts Devs Talk Helldivers Comparisons And How It Separates Itself https://t.co/qsPxWoIprv"" / X","Log inSign up

## Post

# GameSpot on X: ""Exterminauts Devs Talk Helldivers Comparisons And How It Separates Itself 

user avatar

GameSpot

Fandom

@GameSpot

Exterminauts Devs Talk Helldivers Comparisons And How It Separates Itself dlvr.it/TVCPQQ



11:29 PM · Aug 27, 202620.9KViews

 user avatar

  GameSpot

  Fandom

  @GameSpot

  Exterminauts Devs Talk Helldivers Comparisons And How It Separates Itself dlvr.it/TVCPQQ

  

  11:29 PM · Aug 27, 202620.9KViews
 user avatar

  11h",unknown_date,social_post
4039200,"site:x.com ""Exterminauts""",social,4,tavily,basic,14,https://x.com/SpartanB3126/status/1575456479641219073,"SpartanB312 on X: ""Why is it whenever Exterminatus are mentioned, the first came to my mind are not just Inquisition but a certain ""Inquisitor""? 😅 #WarhammerCommunity #warhammer40k #warhammer #warmongers"" / X","user avatar

  SpartanB312

  @SpartanB3126

  Why is it whenever Exterminatus are mentioned, the first came to my mind are not just Inquisition but a certain ""Inquisitor""? 😅 #WarhammerCommunity #warhammer40k #warhammer #warmongers

  

  12:04 PM · Sep 29, 2022 [...] ## Post

Log inSign up

## Post

# SpartanB312 on X: ""Why is it whenever Exterminatus are mentioned, the first came to my mind are not just Inquisition but a certain ""Inquisitor""? 😅 #WarhammerCommunity #warhammer40k #warhammer #warmongers""

user avatar

SpartanB312

@SpartanB3126

Why is it whenever Exterminatus are mentioned, the first came to my mind are not just Inquisition but a certain ""Inquisitor""? 😅 #WarhammerCommunity #warhammer40k #warhammer #warmongers



12:04 PM · Sep 29, 2022",unknown_date,social_post
4039200,"site:x.com ""Exterminauts""",social,4,tavily,basic,14,https://x.com/JustMetallich/status/2089851511476023795,"🦌💛🤍Met ⩜⃝ llich💜🖤🦌 on X: ""The whole Typhon Exterminatus mission is still so good, might be one of my favorite mission in DoW."" / X","Aug 25

  I understand that the game wants you to experience the Exterminatus mission regardless of the faction you choose(which is great it’s my favorite mission here), but they really decided to make Adrastia a bit stupid for this lol.

  user avatar

  🦌💛🤍Met ⩜⃝ llich💜🖤🦌

  @JustMetallich

  Aug 25

  time for the best mission

  user avatar

  🦌💛🤍Met ⩜⃝ llich💜🖤🦌

  @JustMetallich

  Aug 26

  GO MERRICK GO

  

  

  user avatar

  🦌💛🤍Met ⩜⃝ llich💜🖤🦌

  @JustMetallich

  12h [...] Aug 22

  I have mentioned the other map on previous playthroughs, but I really enjoy how they just take the same locations from Chaos Rising and just remake them, since this is clearly supposed to be that one defense mission

  

  

  

  user avatar

  🦌💛🤍Met ⩜⃝ llich💜🖤🦌

  @JustMetallich

  Aug 22

  they're so cute together

  

  user avatar

  🦌💛🤍Met ⩜⃝ llich💜🖤🦌

  @JustMetallich

  Aug 22

  I guess NOW we get optional missions, since they now want to specifically hunt down Kyras. [...] Aug 22

  time for the best mission in the game

  user avatar

  🦌💛🤍Met ⩜⃝ llich💜🖤🦌

  @JustMetallich

  Aug 22

  wait a minute that's not the mission which supposed to be here

  

  user avatar

  🦌💛🤍Met ⩜⃝ llich💜🖤🦌

  @JustMetallich

  Aug 22

  I am not really a big fan that you kind of forced to weaken your summon abilities, since they now requre larger army cap, if you want to learn abilities from the down two skill lines.

  user avatar

  🦌💛🤍Met ⩜⃝ llich💜🖤🦌

  @JustMetallich",unknown_date,social_post
4039200,"site:x.com ""Exterminauts""",social,4,tavily,basic,14,https://x.com/BoLSNEWS/status/2087042184260587817,"Bell of Lost Souls on X: ""Warhammer 40K: The Imperium’s Ultimate Sanction – Weapons of Exterminatus https://t.co/tdyH4FDck1"" / X","user avatar

  Bell of Lost Souls

  @BoLSNEWS

  Warhammer 40K: The Imperium’s Ultimate Sanction – Weapons of Exterminatus

  belloflostsouls.net

  Warhammer 40K: The Imperium's Ultimate Sanction - Weapons of Exterminatus

  Today Admirals, we speak of the Imperium's weapons of last resort - the world killing Exterminatus-class.

  5:03 AM · Aug 11, 2026432Views [...] ## Post

Log inSign up

## Post

# Bell of Lost Souls on X: ""Warhammer 40K: The Imperium’s Ultimate Sanction – Weapons of Exterminatus 

user avatar

Bell of Lost Souls

@BoLSNEWS

Warhammer 40K: The Imperium’s Ultimate Sanction – Weapons of Exterminatus

belloflostsouls.net

Warhammer 40K: The Imperium's Ultimate Sanction - Weapons of Exterminatus

Today Admirals, we speak of the Imperium's weapons of last resort - the world killing Exterminatus-class.

5:03 AM · Aug 11, 2026432Views",unknown_date,social_post
4039200,"site:x.com ""Exterminauts""",social,4,tavily,basic,14,https://x.com/Strippin/status/1950786370718589057,"Sam Thorne on X: ""For those who are asking 'what happened to the Wasps nest' Exterminatus."" / X","Jul 31, 2025

  WHATS WITH YOU AND WASP NESTS MAN
 user avatar

  itmeJP

  @itmeJP

  Jul 31, 2025

  bro please
 user avatar

  Jul 31, 2025

  Nature's soup. [...] Log inSign up

## Post

# Sam Thorne on X: ""For those who are asking 'what happened to the Wasps nest' Exterminatus.""

user avatar

Sam Thorne

@Strippin

For those who are asking 'what happened to the Wasps nest' Exterminatus.



5:11 AM · Jul 31, 202547.6KViews

 user avatar

  Sam Thorne

  @Strippin

  For those who are asking 'what happened to the Wasps nest' Exterminatus.

  

  5:11 AM · Jul 31, 202547.6KViews
 user avatar

  woops

  @woops

  Jul 31, 2025",unknown_date,social_post
4039200,"site: ""Exterminauts""",social,4,tavily,basic,15,https://wh40k.lexicanum.com/wiki/Exterminatus,Exterminatus - Warhammer 40k - Lexicanum,"Exterminatus is essentially one of the many tools in the armoury of the Imperium, used in those cases where complete destruction is deemed a better solution than conventional or covert methods. The world in question may have fallen to Chaos worship, or its Imperial government overthrown and replaced by the rule of aliens such as Genestealers, or it may be a non-Imperial world harbouring an extraordinarily powerful and dangerous species of alien. Exterminatus is often a last resort taken when a [...] |  |  |  |
 --- 
| Planet name | Segmentum | Notes |
| Agrellan | Ultima | Destroyed due to continued T'au occupation.text-middle(/wiki/Lexicanum:Citation ""Lexicanum:Citation"") |
| Amun'an Morrus | Obscurus | Destroyed during the Angevin Crusade.text-middle(/wiki/Lexicanum:Citation ""Lexicanum:Citation"") |
| Azoth |  | The planet was site of a Daemonic incursion and so was purged of life by the Revilers in 999.M37.text-middle(/wiki/Lexicanum:Citation ""Lexicanum:Citation"") | [...] ## Overview

Exterminatus is the most extreme method of dealing with some form of heresy, corruption or alien infiltration which has taken root within a planet's population. Accordingly it is only used in the most extreme of circumstances, when the level of corruption a world bears is so monumental that it cannot be wiped out by any other means. The destruction of the entire population is deemed necessary to prevent the contagion from spreading further.(#fn_4)",unknown_date,social_post
4039200,"site: ""Exterminauts""",social,4,tavily,basic,15,https://1d6chan.miraheze.org/wiki/Exterminatus,Exterminatus - 1d6chan,"Exterminatus is the biggest middle finger the Imperium can give to xenos and Chaos infestations on their own planets. It basically involves UTTERLY DESTROYING THE PLANET SURFACE via heavy orbital bombardment if they decide that it would be impossible to retake the planet by drowning their enemies in corpses, like they usually do. Declarable only by an Inquisitor, Chapter Master, or the High Lords of Terra (and before the Horus Heresy, solely the God-Emperor of Mankind and his Primarchs), [...] and his Primarchs), Exterminatus can range from destroying all life on a planet (down to the bacteria), to destroying a planet in its entirety (Death Star-style). [...] ## Common Exterminatus Weapons

[edit]

The Imperium has several means for dealing with hopeless infestations, these here are weapons that are commonly used and the only ones we have pictures of, these are:

### Orbital Bombardment Shell

[edit]



Orbital Bombardment Shell (Goliath Defence Battery pattern)

""I say we take off and nuke the entire site from orbit. It's the only way to be sure.""

:   – Ellen Ripley in Aliens (986.M2)

AKA, ""Just Shoot the Shit Out of It"" strat.",unknown_date,social_post
4039200,"site: ""Exterminauts""",social,4,tavily,basic,15,https://warhammer40k.fandom.com/wiki/Exterminatus,Exterminatus,"When you visit our website, we store cookies on your browser to collect information. The information collected might relate to you, your preferences or your device, and is mostly used to make the site work as you expect it to and to provide a more personalized web experience. Click on the different category headings to find out more. For more information about the First and Third Party Cookies used please follow this link. 

Privacy Policy

Allow All
### Categories & Purposes List [...] These cookies are set by a range of social media services that we have added to the site to enable you to share our content with your friends and networks. They are capable of tracking your browser across other sites and building up a profile of your interests. This may impact the content and messages you see on other websites you visit. If you do not allow these cookies you may not be able to use or see these sharing tools.

### Cookie List

Clear

   - [x] checkbox label label 

Apply Cancel [...] These cookies allow us to count visits and traffic sources so we can measure and improve the performance of our site. They help us to know which pages are the most and least popular and see how visitors move around the site. All information these cookies collect is aggregated and therefore anonymous. If you do not allow these cookies we will not know when you have visited our site, and will not be able to monitor its performance.

#### Targeting Cookies

- [x] Targeting Cookies",unknown_date,social_post
4039200,"site: ""Exterminauts""",social,4,tavily,basic,15,http://exterminatusnow.co.uk,Exterminatus Now -,"We had a bit of a technical mishap and the site went down for a few days. Apologies for anybody who felt the urge to browse the archive in the past couple weeks and couldn’t, and thanks to the people who brought it to my attention. Service has been restored.  
 Carry on, citizens. :)

Silversword

8 Comments

#### Epilogue 1 – Black, White, & Red All Over

May 29th, 2016 |  by Virus [...] [](

Exterminatus Now is Copyright © 2003 - Stuart Edney, Martin Faulkner, Alan Graham, Garry Webber.   
Hosting by GoDaddy. Powered by WordPress and ComicPress   
Fonts provided by Blambot and 4YEO | Advertising supported by Project Wonderful [...] I only have a dozen full sets. Orders after that, I’ll be out of bookmarks. Then Blasphemy buttons. Orders will just include whatever’s left. And so on, until it’s gone.

Click here to fill out the order form. We’ll take payment separately, by Paypal or by Square invoice. More than two or three shirts may incur extra shipping, especially at larger sizes. We’ll let you know before payment. Questions? Email Sales@PerfectlyChaotic.com",unknown_date,social_post
4039200,"site: ""Exterminauts""",social,4,tavily,basic,15,https://scryfall.com/card/40k/120/exterminatus,"Exterminatus · Warhammer 40,000 Commander (40K) #120 · Scryfall Magic: The Gathering Search","Exterminatus (Warhammer 40,000 Commander #120)"")

# Exterminatus {5}{W}{B}

Sorcery

Nonland permanents your opponents control lose indestructible until end of turn.

Destroy all nonland permanents.

“Some may question your right to destroy ten billion people. Those who understand know that you have no right to let them live.”
  
—Exterminatus Extremis

Illustrated by
Games Workshop [...] ###### More

Portions of Scryfall are unofficial Fan Content permitted under
the Wizards of the Coast Fan Content Policy.
The literal and graphical information presented on this site
about Magic: The Gathering, including card images and mana symbols,
is copyright Wizards of the Coast, LLC.
Scryfall is not produced by or endorsed by Wizards of the Coast. [...] The Slack, Discord, Cash App, PayPal, and Patreon logos
are copyright their respective owners.
Scryfall is not produced by or endorsed by these services.

Card prices and promotional offers represent daily estimates and/or market values
provided by our affiliates.
Absolutely no guarantee is made for any price information.
See stores for final prices and details.

All other content © 2026 Scryfall, LLC.",unknown_date,social_post
