appid,title_old,title_new,rank_old,rank_new,rank_delta,abs_rank_delta,movement_type,spike_type,price_text_old,price_text_new,price_changed,release_text_old,release_text_new,release_changed
2706400,A Silent Desolation,A Silent Desolation,1113,1150,-37,37,down,downward_spike,Free,Free,False,Coming soon,Coming soon,False
2852140,Dumb Ways to Party,Dumb Ways to Party,1115,1152,-37,37,down,downward_spike,Unpriced (Coming Soon),Unpriced (Coming Soon),False,2026,2026,False
3355070,Ambroise Niflette & the Gleaned Bell,Ambroise Niflette & the Gleaned Bell,1116,1153,-37,37,down,downward_spike,Free,Free,False,Coming soon,Coming soon,False
3275120,Wasteland Travelers,Wasteland Travelers,1117,1154,-37,37,down,downward_spike,Free,Free,False,Coming soon,Coming soon,False
1918830,The Time I Have Left,The Time I Have Left,1119,1156,-37,37,down,downward_spike,Unpriced (Coming Soon),Unpriced (Coming Soon),False,To be announced,To be announced,False
3600170,Escape the Scam Compound,Escape the Scam Compound,1125,1161,-36,36,down,downward_spike,Free,Free,False,2027,2027,False
2790850,Wing Haven,Wing Haven,1124,1160,-36,36,down,downward_spike,Free,Free,False,Coming soon,Coming soon,False
2334930,DEEPEST FEAR™,DEEPEST FEAR™,1123,1159,-36,36,down,downward_spike,Unpriced (Coming Soon),Unpriced (Coming Soon),False,To be announced,To be announced,False
575020,Outerra World Sandbox,Outerra World Sandbox,1122,1158,-36,36,down,downward_spike,Free,Free,False,Coming soon,Coming soon,False
2620450,Highreach,Highreach,1121,1157,-36,36,down,downward_spike,Unpriced (Coming Soon),Unpriced (Coming Soon),False,Q4 2026,Q4 2026,False
1287610,Nirvana Noir,Nirvana Noir,1112,1148,-36,36,down,downward_spike,Free,Free,False,Coming soon,Coming soon,False
1116390,Negative Atmosphere,Negative Atmosphere,1109,1145,-36,36,down,downward_spike,Unpriced (Coming Soon),Unpriced (Coming Soon),False,To be announced,To be announced,False
3500810,DreadOut 3,DreadOut 3,1108,1144,-36,36,down,downward_spike,Free,Free,False,Coming soon,Coming soon,False
4633090,Misa Online,Misa Online,1107,1143,-36,36,down,downward_spike,Free,Free,False,To be announced,To be announced,False
2526200,Eyes Never Wake,Eyes Never Wake,1101,1137,-36,36,down,downward_spike,Free,Free,False,Coming soon,Coming soon,False
2744430,Nightmare House,Nightmare House,1098,1134,-36,36,down,downward_spike,Free,Free,False,Coming soon,Coming soon,False
2271050,RESISTOR,RESISTOR,1111,1147,-36,36,down,downward_spike,Free,Free,False,Coming soon,Coming soon,False
3130220,Sagas of Lumin,Sagas of Lumin,1086,1121,-35,35,down,downward_spike,Free,Free,False,"Feb 4, 2027","Feb 4, 2027",False
4417410,Rush B: Esports Manager,Rush B: Esports Manager,1114,1149,-35,35,down,downward_spike,Unpriced (Coming Soon),Unpriced (Coming Soon),False,2026,2026,False
3545200,Space Dingus,Space Dingus,1085,1120,-35,35,down,downward_spike,Unpriced (Coming Soon),Unpriced (Coming Soon),False,To be announced,To be announced,False
4143000,FERRA,FERRA,1056,1091,-35,35,down,downward_spike,Unpriced (Coming Soon),Unpriced (Coming Soon),False,To be announced,To be announced,False
3561320,Open Fortress,Open Fortress,1055,1090,-35,35,down,downward_spike,Free,Free,False,2026,2026,False
2370280,Nobody's Left,Nobody's Left,1066,1101,-35,35,down,downward_spike,Unpriced (Coming Soon),Unpriced (Coming Soon),False,To be announced,To be announced,False
1196230,Book of Aliens,Book of Aliens,1070,1104,-34,34,down,downward_spike,Unpriced (Coming Soon),Unpriced (Coming Soon),False,To be announced,To be announced,False
3546610,Wielders of the Essence,Wielders of the Essence,1106,1140,-34,34,down,downward_spike,Unpriced (Coming Soon),Unpriced (Coming Soon),False,"Nov 5, 2026","Nov 5, 2026",False
4096880,Raji: Kaliyuga,Raji: Kaliyuga,1105,1139,-34,34,down,downward_spike,Free,Free,False,Coming soon,Coming soon,False
4009490,Arctic Drive,Arctic Drive,1104,1138,-34,34,down,downward_spike,Unpriced (Coming Soon),Unpriced (Coming Soon),False,November 2026,November 2026,False
3530630,Bless You Again,Bless You Again,1099,1133,-34,34,down,downward_spike,Unpriced (Coming Soon),Unpriced (Coming Soon),False,2026,2026,False
2738660,Mecha Simultactics,Mecha Simultactics,1090,1124,-34,34,down,downward_spike,Unpriced (Coming Soon),Unpriced (Coming Soon),False,To be announced,To be announced,False
1808160,Demon Spore,Demon Spore,1089,1123,-34,34,down,downward_spike,Unpriced (Coming Soon),Unpriced (Coming Soon),False,2026,2026,False
1376880,Ultimate Hunting®,Ultimate Hunting®,1078,1112,-34,34,down,downward_spike,Unpriced (Coming Soon),Unpriced (Coming Soon),False,To be announced,To be announced,False
3106270,HELLCARD II,HELLCARD II,1075,1109,-34,34,down,downward_spike,Unpriced (Coming Soon),Unpriced (Coming Soon),False,Q4 2026,Q4 2026,False
2415030,Crimson Hollow,Crimson Hollow,1074,1108,-34,34,down,downward_spike,Free,Free,False,Coming soon,Coming soon,False
4020810,NTL: No Time Left,NTL: No Time Left,1073,1107,-34,34,down,downward_spike,Free,Free,False,Coming soon,Coming soon,False
669270,Momentum Mod,Momentum Mod,1072,1106,-34,34,down,downward_spike,Free,Free,False,To be announced,To be announced,False
1818660,Kalyskah,Kalyskah,1071,1105,-34,34,down,downward_spike,Unpriced (Coming Soon),Unpriced (Coming Soon),False,2026,2026,False
2201470,Remnant Protocol,Remnant Protocol,1069,1103,-34,34,down,downward_spike,Free,Free,False,Coming soon,Coming soon,False
1927360,Mira and the Legend of the Djinns,Mira and the Legend of the Djinns,1068,1102,-34,34,down,downward_spike,Unpriced (Coming Soon),Unpriced (Coming Soon),False,2026,2026,False
3018390,PSYCHO DEAD,PSYCHO DEAD,1065,1099,-34,34,down,downward_spike,Unpriced (Coming Soon),Unpriced (Coming Soon),False,Q4 2026,Q4 2026,False
2831170,Color Fear,Color Fear,1028,1062,-34,34,down,downward_spike,Free,Free,False,Coming soon,Coming soon,False
4308600,Age of Empires III: Definitive Edition - The Baltic Powers,Age of Empires III: Definitive Edition - The Baltic Powers,1030,1064,-34,34,down,downward_spike,$16.99,$16.99,False,"Sep 10, 2026","Sep 10, 2026",False
1761210,The Touhou Empires,The Touhou Empires,1034,1068,-34,34,down,downward_spike,Free,Free,False,Coming soon,Coming soon,False
1355900,Tattered Banners,Tattered Banners,1044,1078,-34,34,down,downward_spike,Unpriced (Coming Soon),Unpriced (Coming Soon),False,Q4 2026,Q4 2026,False
2441590,Ark：Release,Ark：Release,1054,1088,-34,34,down,downward_spike,Free,Free,False,Coming soon,Coming soon,False
2390130,Design and Conjure,Design and Conjure,1058,1092,-34,34,down,downward_spike,Free,Free,False,Coming soon,Coming soon,False
2583660,Fractured Alliance,Fractured Alliance,1053,1087,-34,34,down,downward_spike,Unpriced (Coming Soon),Unpriced (Coming Soon),False,To be announced,To be announced,False
2159260,Vampire Rancher,Vampire Rancher,1060,1094,-34,34,down,downward_spike,Unpriced (Coming Soon),Unpriced (Coming Soon),False,2026,2026,False
2471680,Risimon,Risimon,1061,1095,-34,34,down,downward_spike,Free,Free,False,Coming soon,Coming soon,False
3175790,Mecha Legends,Mecha Legends,1062,1096,-34,34,down,downward_spike,Unpriced (Coming Soon),Unpriced (Coming Soon),False,To be announced,To be announced,False
4703930,Grilluminati,Grilluminati,1063,1097,-34,34,down,downward_spike,Unpriced (Coming Soon),Unpriced (Coming Soon),False,Q4 2026,Q4 2026,False
1630450,EDEN.schemata();,EDEN.schemata();,1064,1098,-34,34,down,downward_spike,Unpriced (Coming Soon),Unpriced (Coming Soon),False,2026,2026,False
2713380,Shadows of Chroma Tower,Shadows of Chroma Tower,1059,1093,-34,34,down,downward_spike,Free,Free,False,Q1 2027,Q1 2027,False
2166730,Electrokinetic,Electrokinetic,1080,1113,-33,33,down,downward_spike,Unpriced (Coming Soon),Unpriced (Coming Soon),False,To be announced,To be announced,False
3275050,Ex Sanguis,Ex Sanguis,1103,1136,-33,33,down,downward_spike,Unpriced (Coming Soon),Unpriced (Coming Soon),False,"Sep 10, 2026","Sep 10, 2026",False
2920220,Terrible Lizards,Terrible Lizards,1102,1135,-33,33,down,downward_spike,Unpriced (Coming Soon),Unpriced (Coming Soon),False,"Oct 29, 2026","Oct 29, 2026",False
3309550,Skarven,Skarven,1097,1130,-33,33,down,downward_spike,Unpriced (Coming Soon),Unpriced (Coming Soon),False,To be announced,To be announced,False
2711690,VanLife Simulator,VanLife Simulator,1096,1129,-33,33,down,downward_spike,Free,Free,False,Coming soon,Coming soon,False
3109590,Cat Cafe Manager 2: Big City Bliss,Cat Cafe Manager 2: Big City Bliss,1077,1110,-33,33,down,downward_spike,Unpriced (Coming Soon),Unpriced (Coming Soon),False,To be announced,To be announced,False
2513270,UvsU: You vs You,UvsU: You vs You,1043,1076,-33,33,down,downward_spike,Unpriced (Coming Soon),Unpriced (Coming Soon),False,2026,2026,False
3534150,POSTAL 2 VR,POSTAL 2 VR,1042,1075,-33,33,down,downward_spike,Free,Free,False,2027,2027,False
3620610,Primal Survival,Primal Survival,1036,1069,-33,33,down,downward_spike,Unpriced (Coming Soon),Unpriced (Coming Soon),False,2026,2026,False
3201450,SACRATA,SACRATA,1025,1058,-33,33,down,downward_spike,Free,Free,False,Coming soon,Coming soon,False
3251540,Oil Rig Simulator,Oil Rig Simulator,1015,1048,-33,33,down,downward_spike,Unpriced (Coming Soon),Unpriced (Coming Soon),False,To be announced,To be announced,False
2847780,Nocturnal 2,Nocturnal 2,1050,1083,-33,33,down,downward_spike,Unpriced (Coming Soon),Unpriced (Coming Soon),False,2026,2026,False
3510740,Normal Golf Game,Normal Golf Game,1047,1079,-32,32,down,downward_spike,Unpriced (Coming Soon),Unpriced (Coming Soon),False,"Sep 21, 2026","Sep 21, 2026",False
3475880,Train Goes Right,Train Goes Right,1048,1080,-32,32,down,downward_spike,Unpriced (Coming Soon),Unpriced (Coming Soon),False,2026,2026,False
3695350,Hounded,Hounded,1052,1084,-32,32,down,downward_spike,Unpriced (Coming Soon),Unpriced (Coming Soon),False,To be announced,To be announced,False
2841710,Vermin,Vermin,1057,1089,-32,32,down,downward_spike,Unpriced (Coming Soon),Unpriced (Coming Soon),False,To be announced,To be announced,False
4123070,MonCraft 199X,MonCraft 199X,1079,1111,-32,32,down,downward_spike,Unpriced (Coming Soon),Unpriced (Coming Soon),False,To be announced,To be announced,False
3688110,Kaiju Cleaner Simulator,Kaiju Cleaner Simulator,1084,1116,-32,32,down,downward_spike,Unpriced (Coming Soon),Unpriced (Coming Soon),False,To be announced,To be announced,False
3519480,Carthage: Bellum Punicum,Carthage: Bellum Punicum,1083,1115,-32,32,down,downward_spike,Unpriced (Coming Soon),Unpriced (Coming Soon),False,To be announced,To be announced,False
4374950,KAREN,KAREN,1093,1125,-32,32,down,downward_spike,Unpriced (Coming Soon),Unpriced (Coming Soon),False,To be announced,To be announced,False
3439410,HellHeart Breaker,HellHeart Breaker,1094,1126,-32,32,down,downward_spike,Free,Free,False,Q2 2027,Q2 2027,False
1323140,Ninja Simulator,Ninja Simulator,1095,1127,-32,32,down,downward_spike,Free,Free,False,Coming soon,Coming soon,False
2517940,Century of Steam,Century of Steam,1082,1114,-32,32,down,downward_spike,Unpriced (Coming Soon),Unpriced (Coming Soon),False,To be announced,To be announced,False
2681560,Train Station Project,Train Station Project,1041,1073,-32,32,down,downward_spike,Free,Free,False,Coming soon,Coming soon,False
3122600,Glintseeker Island,Glintseeker Island,1049,1081,-32,32,down,downward_spike,Free,Free,False,2027,2027,False
2664600,The Last Hour of an Epic TO THE MOON RPG,The Last Hour of an Epic TO THE MOON RPG,1039,1071,-32,32,down,downward_spike,Free,Free,False,2027,2027,False
2601980,Space Scum,Space Scum,1012,1044,-32,32,down,downward_spike,Free,Free,False,2027,2027,False
4563860,KAIJECT,KAIJECT,1018,1050,-32,32,down,downward_spike,Free,Free,False,Coming soon,Coming soon,False
2421000,BANDIT KNIGHT,BANDIT KNIGHT,1021,1053,-32,32,down,downward_spike,Unpriced (Coming Soon),Unpriced (Coming Soon),False,To be announced,To be announced,False
1732910,Photography Simulator,Photography Simulator,1024,1056,-32,32,down,downward_spike,Free,Free,False,Coming soon,Coming soon,False
2363200,Fae & Fauna,Fae & Fauna,1027,1059,-32,32,down,downward_spike,Free,Free,False,Coming soon,Coming soon,False
3322630,Culdcept BEGINS,Culdcept BEGINS,1014,1046,-32,32,down,downward_spike,Unpriced (Coming Soon),Unpriced (Coming Soon),False,Q4 2026,Q4 2026,False
3195360,Coromon: Rogue Planet,Coromon: Rogue Planet,1033,1065,-32,32,down,downward_spike,Free,Free,False,Coming soon,Coming soon,False
1205660,WOLFHOUND,WOLFHOUND,1035,1067,-32,32,down,downward_spike,Unpriced (Coming Soon),Unpriced (Coming Soon),False,To be announced,To be announced,False
2168070,Sorceress,Sorceress,1040,1072,-32,32,down,downward_spike,Unpriced (Coming Soon),Unpriced (Coming Soon),False,To be announced,To be announced,False
4982920,The Watcher,The Watcher,1038,1070,-32,32,down,downward_spike,Unpriced (Coming Soon),Unpriced (Coming Soon),False,To be announced,To be announced,False
3447460,Gravity Circuit 2,Gravity Circuit 2,1031,1063,-32,32,down,downward_spike,Free,Free,False,2027,2027,False
2665020,Milo,Milo,1011,1042,-31,31,down,downward_spike,Unpriced (Coming Soon),Unpriced (Coming Soon),False,"Oct 29, 2026","Oct 29, 2026",False
3867170,Sengoku Rance,Sengoku Rance,1110,1141,-31,31,down,downward_spike,Unpriced (Coming Soon),Unpriced (Coming Soon),False,Q3 2026,Q3 2026,False
3722130,Indigo Park: Chapter 2,Indigo Park: Chapter 2,1100,1131,-31,31,down,downward_spike,Unpriced (Coming Soon),Unpriced (Coming Soon),False,To be announced,To be announced,False
3261450,Tangerine Antarctic,Tangerine Antarctic,1051,1082,-31,31,down,downward_spike,Unpriced (Coming Soon),Unpriced (Coming Soon),False,To be announced,To be announced,False
3788110,DungeonBox,DungeonBox,1046,1077,-31,31,down,downward_spike,Unpriced (Coming Soon),Unpriced (Coming Soon),False,Q3 2026,Q3 2026,False
1920290,Barkour,Barkour,1026,1057,-31,31,down,downward_spike,Unpriced (Coming Soon),Unpriced (Coming Soon),False,Q4 2026,Q4 2026,False
1359270,Pirate Commander,Pirate Commander,1023,1054,-31,31,down,downward_spike,Unpriced (Coming Soon),Unpriced (Coming Soon),False,To be announced,To be announced,False
4623300,Open Waters,Open Waters,1020,1051,-31,31,down,downward_spike,Unpriced (Coming Soon),Unpriced (Coming Soon),False,To be announced,To be announced,False
2155140,Police Station Simulator,Police Station Simulator,1010,1041,-31,31,down,downward_spike,Free,Free,False,Coming soon,Coming soon,False
3908100,Steam To Electric,Steam To Electric,1009,1040,-31,31,down,downward_spike,Free,Free,False,Coming soon,Coming soon,False
2999670,Front Edge,Front Edge,1003,1034,-31,31,down,downward_spike,Free,Free,False,2026,2026,False
4400800,American Truck Simulator - Indiana,American Truck Simulator - Indiana,1002,1033,-31,31,down,downward_spike,Unpriced (Coming Soon),Unpriced (Coming Soon),False,To be announced,To be announced,False
2601530,Regular Home Renovation Simulator,Regular Home Renovation Simulator,1001,1032,-31,31,down,downward_spike,Free,Free,False,Coming soon,Coming soon,False
2700560,Expedition: Backrooms,Expedition: Backrooms,980,1011,-31,31,down,downward_spike,Free,Free,False,Coming soon,Coming soon,False
1158190,Do Not Buy This Game,Do Not Buy This Game,978,1009,-31,31,down,downward_spike,Free,Free,False,2027,2027,False
4258880,Basement To The Sky,Basement To The Sky,966,997,-31,31,down,downward_spike,Free,Free,False,Q2 2027,Q2 2027,False
2362070,Hollow Home,Hollow Home,875,906,-31,31,down,downward_spike,Unpriced (Coming Soon),Unpriced (Coming Soon),False,2026,2026,False
3891160,CRYMELIGHT,CRYMELIGHT,874,905,-31,31,down,downward_spike,Unpriced (Coming Soon),Unpriced (Coming Soon),False,"Nov 4, 2026","Nov 4, 2026",False
1046920,Bushiden,Bushiden,873,904,-31,31,down,downward_spike,Unpriced (Coming Soon),Unpriced (Coming Soon),False,To be announced,To be announced,False
3264980,HELL YEAH simulator,HELL YEAH simulator,1004,1035,-31,31,down,downward_spike,Free,Free,False,Coming soon,Coming soon,False
2571410,500 CALIBER CONTRACTZ,500 CALIBER CONTRACTZ,977,1007,-30,30,down,downward_spike,Unpriced (Coming Soon),Unpriced (Coming Soon),False,2026,2026,False
1390760,Nanzou: The Divine Court,Nanzou: The Divine Court,996,1026,-30,30,down,downward_spike,Free,Free,False,Coming soon,Coming soon,False
3278930,Worms: Galactic Tactics,Worms: Galactic Tactics,1092,1122,-30,30,down,downward_spike,Unpriced (Coming Soon),Unpriced (Coming Soon),False,To be announced,To be announced,False
3411810,Cobra Strike,Cobra Strike,1000,1030,-30,30,down,downward_spike,Unpriced (Coming Soon),Unpriced (Coming Soon),False,To be announced,To be announced,False
2749920,The Transylvania Adventure of Simon Quest,The Transylvania Adventure of Simon Quest,1006,1036,-30,30,down,downward_spike,Free,Free,False,Coming soon,Coming soon,False
4328840,Tideborne Haven,Tideborne Haven,1007,1037,-30,30,down,downward_spike,Unpriced (Coming Soon),Unpriced (Coming Soon),False,To be announced,To be announced,False
4754550,Medieval Dynasty - The Backwood,Medieval Dynasty - The Backwood,1087,1117,-30,30,down,downward_spike,Free,Free,False,2027,2027,False
3125320,Isadora's Edge,Isadora's Edge,1013,1043,-30,30,down,downward_spike,Free,Free,False,Coming soon,Coming soon,False
4024440,Haunted Heist,Haunted Heist,1017,1047,-30,30,down,downward_spike,Unpriced (Coming Soon),Unpriced (Coming Soon),False,"Oct 12, 2026","Oct 12, 2026",False
2795110,Petal Runner,Petal Runner,1022,1052,-30,30,down,downward_spike,Unpriced (Coming Soon),Unpriced (Coming Soon),False,To be announced,To be announced,False
2141160,Alien Deathstorm,Alien Deathstorm,1088,1118,-30,30,down,downward_spike,Unpriced (Coming Soon),Unpriced (Coming Soon),False,To be announced,To be announced,False
2824520,Displacement,Displacement,1008,1038,-30,30,down,downward_spike,Unpriced (Coming Soon),Unpriced (Coming Soon),False,To be announced,To be announced,False
1968940,Nazralath: The Fallen World,Nazralath: The Fallen World,976,1006,-30,30,down,downward_spike,Free,Free,False,Coming soon,Coming soon,False
3340880,Silicone Heart,Silicone Heart,915,945,-30,30,down,downward_spike,Unpriced (Coming Soon),Unpriced (Coming Soon),False,"Dec 1, 2026","Dec 1, 2026",False
1894140,Seed of Nostalgia,Seed of Nostalgia,965,995,-30,30,down,downward_spike,Unpriced (Coming Soon),Unpriced (Coming Soon),False,To be announced,To be announced,False
2059980,Oriental Immortal,Oriental Immortal,972,1002,-30,30,down,downward_spike,Unpriced (Coming Soon),Unpriced (Coming Soon),False,To be announced,To be announced,False
2085080,Princess Hunter,Princess Hunter,877,907,-30,30,down,downward_spike,Free,Free,False,Coming soon,Coming soon,False
3445250,Daydream,Daydream,878,908,-30,30,down,downward_spike,Unpriced (Coming Soon),Unpriced (Coming Soon),False,To be announced,To be announced,False
937450,Metropolisim,Metropolisim,879,909,-30,30,down,downward_spike,Free,Free,False,Coming soon,Coming soon,False
3564500,Lambda Fortress,Lambda Fortress,880,910,-30,30,down,downward_spike,Free,Free,False,Coming soon,Coming soon,False
4123800,The Road,The Road,860,890,-30,30,down,downward_spike,Unpriced (Coming Soon),Unpriced (Coming Soon),False,To be announced,To be announced,False
1577230,City of Atlantis,City of Atlantis,904,934,-30,30,down,downward_spike,Unpriced (Coming Soon),Unpriced (Coming Soon),False,To be announced,To be announced,False
925500,Innkeep,Innkeep,913,943,-30,30,down,downward_spike,Unpriced (Coming Soon),Unpriced (Coming Soon),False,To be announced,To be announced,False
2787850,Runa,Runa,914,944,-30,30,down,downward_spike,Unpriced (Coming Soon),Unpriced (Coming Soon),False,To be announced,To be announced,False
2106730,Phantom Hellcat,Phantom Hellcat,916,946,-30,30,down,downward_spike,Unpriced (Coming Soon),Unpriced (Coming Soon),False,To be announced,To be announced,False
1680780,Big Boy Boxing,Big Boy Boxing,940,970,-30,30,down,downward_spike,Unpriced (Coming Soon),Unpriced (Coming Soon),False,To be announced,To be announced,False
1415230,For The Stars,For The Stars,902,932,-30,30,down,downward_spike,Free,Free,False,Coming soon,Coming soon,False
1774190,Elysian Eclipse,Elysian Eclipse,984,1013,-29,29,down,downward_spike,Unpriced (Coming Soon),Unpriced (Coming Soon),False,To be announced,To be announced,False
1707680,Referee Simulator,Referee Simulator,983,1012,-29,29,down,downward_spike,Free,Free,False,Coming soon,Coming soon,False
3408450,Tiny Hero Courier,Tiny Hero Courier,979,1008,-29,29,down,downward_spike,Unpriced (Coming Soon),Unpriced (Coming Soon),False,To be announced,To be announced,False
2740750,Rollin' Rascal,Rollin' Rascal,975,1004,-29,29,down,downward_spike,Free,Free,False,Coming soon,Coming soon,False
4247140,Everlasting Summer 2,Everlasting Summer 2,971,1000,-29,29,down,downward_spike,Unpriced (Coming Soon),Unpriced (Coming Soon),False,To be announced,To be announced,False
4269150,Campwood,Campwood,969,998,-29,29,down,downward_spike,Free,Free,False,Coming soon,Coming soon,False
4928430,OUTER WATCH,OUTER WATCH,967,996,-29,29,down,downward_spike,Free,Free,False,Coming soon,Coming soon,False
2750400,Spearhead 2,Spearhead 2,964,993,-29,29,down,downward_spike,Free,Free,False,Coming soon,Coming soon,False
2545200,Animaloid Girl,Animaloid Girl,985,1014,-29,29,down,downward_spike,Unpriced (Coming Soon),Unpriced (Coming Soon),False,To be announced,To be announced,False
4271520,The Pines,The Pines,974,1003,-29,29,down,downward_spike,Free,Free,False,2027,2027,False
3370970,Star Garden,Star Garden,987,1016,-29,29,down,downward_spike,Unpriced (Coming Soon),Unpriced (Coming Soon),False,To be announced,To be announced,False
3068720,I Am Security,I Am Security,995,1024,-29,29,down,downward_spike,Free,Free,False,Coming soon,Coming soon,False
2861090,War Mechanic,War Mechanic,990,1019,-29,29,down,downward_spike,Free,Free,False,Coming soon,Coming soon,False
1659360,Townseek,Townseek,992,1021,-29,29,down,downward_spike,Unpriced (Coming Soon),Unpriced (Coming Soon),False,2026,2026,False
3681260,Frostliner,Frostliner,993,1022,-29,29,down,downward_spike,Unpriced (Coming Soon),Unpriced (Coming Soon),False,To be announced,To be announced,False
4261180,Ascension: The Hehuan Sect & 66 Waifus,Ascension: The Hehuan Sect & 66 Waifus,994,1023,-29,29,down,downward_spike,Free,Free,False,Coming soon,Coming soon,False
1815150,NIGHT OF THE CONSUMERS,NIGHT OF THE CONSUMERS,998,1027,-29,29,down,downward_spike,Free,Free,False,Coming soon,Coming soon,False
2494020,Samurai Unicorn,Samurai Unicorn,999,1028,-29,29,down,downward_spike,Unpriced (Coming Soon),Unpriced (Coming Soon),False,To be announced,To be announced,False
4042070,Angels In Orbit,Angels In Orbit,1016,1045,-29,29,down,downward_spike,Free,Free,False,Coming soon,Coming soon,False
4414620,Book Nook,Book Nook,1032,1061,-29,29,down,downward_spike,Unpriced (Coming Soon),Unpriced (Coming Soon),False,2026,2026,False
3618000,Hordeguard: Winds of the North,Hordeguard: Winds of the North,1037,1066,-29,29,down,downward_spike,Unpriced (Coming Soon),Unpriced (Coming Soon),False,To be announced,To be announced,False
1394650,Detained: Too Good for School,Detained: Too Good for School,963,992,-29,29,down,downward_spike,Unpriced (Coming Soon),Unpriced (Coming Soon),False,2026,2026,False
1257480,American Motorcycle Simulator,American Motorcycle Simulator,988,1017,-29,29,down,downward_spike,Unpriced (Coming Soon),Unpriced (Coming Soon),False,To be announced,To be announced,False
3080520,Farsight,Farsight,961,990,-29,29,down,downward_spike,Unpriced (Coming Soon),Unpriced (Coming Soon),False,To be announced,To be announced,False
3419080,The Regreening,The Regreening,986,1015,-29,29,down,downward_spike,Free,Free,False,Coming soon,Coming soon,False
3113580,Kaido Genkai: An Anime Racing RPG,Kaido Genkai: An Anime Racing RPG,954,983,-29,29,down,downward_spike,Unpriced (Coming Soon),Unpriced (Coming Soon),False,To be announced,To be announced,False
1361090,Restitched,Restitched,858,887,-29,29,down,downward_spike,Unpriced (Coming Soon),Unpriced (Coming Soon),False,To be announced,To be announced,False
3262820,Uncanny Valley: Checkpoint,Uncanny Valley: Checkpoint,859,888,-29,29,down,downward_spike,Unpriced (Coming Soon),Unpriced (Coming Soon),False,November 2026,November 2026,False
2322260,Don't Kill Them All,Don't Kill Them All,862,891,-29,29,down,downward_spike,Unpriced (Coming Soon),Unpriced (Coming Soon),False,Q4 2026,Q4 2026,False
3218100,I AM RIPPER,I AM RIPPER,864,893,-29,29,down,downward_spike,Unpriced (Coming Soon),Unpriced (Coming Soon),False,To be announced,To be announced,False
2156390,WorldShards,WorldShards,869,898,-29,29,down,downward_spike,Free,Free,False,2027,2027,False
1108600,Last Moon,Last Moon,886,915,-29,29,down,downward_spike,Free,Free,False,Coming soon,Coming soon,False
3459340,Lacey's Flash Games,Lacey's Flash Games,900,929,-29,29,down,downward_spike,Unpriced (Coming Soon),Unpriced (Coming Soon),False,2026,2026,False
3764400,LIMIT ZERO BREAKERS,LIMIT ZERO BREAKERS,901,930,-29,29,down,downward_spike,Free,Free,False,Coming soon,Coming soon,False
2591790,ANIMAL USE PROTOCOL,ANIMAL USE PROTOCOL,908,937,-29,29,down,downward_spike,Unpriced (Coming Soon),Unpriced (Coming Soon),False,To be announced,To be announced,False
2405340,Dead On Arrival,Dead On Arrival,909,938,-29,29,down,downward_spike,Unpriced (Coming Soon),Unpriced (Coming Soon),False,To be announced,To be announced,False
2378230,Neo Junk City,Neo Junk City,910,939,-29,29,down,downward_spike,Unpriced (Coming Soon),Unpriced (Coming Soon),False,Q3 2026,Q3 2026,False
3296060,Escape Academy 2: Back 2 School,Escape Academy 2: Back 2 School,882,911,-29,29,down,downward_spike,Unpriced (Coming Soon),Unpriced (Coming Soon),False,November 2026,November 2026,False
2303850,Toxic Crusaders,Toxic Crusaders,911,940,-29,29,down,downward_spike,Unpriced (Coming Soon),Unpriced (Coming Soon),False,2026,2026,False
3301510,Tomo: Endless Blue,Tomo: Endless Blue,960,989,-29,29,down,downward_spike,Unpriced (Coming Soon),Unpriced (Coming Soon),False,To be announced,To be announced,False
3726180,In Hope Voiden,In Hope Voiden,952,981,-29,29,down,downward_spike,Free,Free,False,Coming soon,Coming soon,False
2561460,Burning Sword: Death Sun,Burning Sword: Death Sun,950,979,-29,29,down,downward_spike,Free,Free,False,Coming soon,Coming soon,False
811760,The Last Exterminator,The Last Exterminator,946,975,-29,29,down,downward_spike,Unpriced (Coming Soon),Unpriced (Coming Soon),False,To be announced,To be announced,False
3699910,Lines of Battle,Lines of Battle,944,973,-29,29,down,downward_spike,Unpriced (Coming Soon),Unpriced (Coming Soon),False,To be announced,To be announced,False
3919900,Dead Zone Revive,Dead Zone Revive,945,974,-29,29,down,downward_spike,Free,Free,False,Coming soon,Coming soon,False
4045480,Drawquarium,Drawquarium,943,972,-29,29,down,downward_spike,Free,Free,False,Coming soon,Coming soon,False
4373620,Fresco,Fresco,942,971,-29,29,down,downward_spike,Unpriced (Coming Soon),Unpriced (Coming Soon),False,To be announced,To be announced,False
3035270,Backrooms,Backrooms,939,968,-29,29,down,downward_spike,Free,Free,False,2026,2026,False
1403030,Wanderlost,Wanderlost,927,956,-29,29,down,downward_spike,Free,Free,False,Coming soon,Coming soon,False
3523120,AEROMACHINA,AEROMACHINA,923,952,-29,29,down,downward_spike,Free,Free,False,Coming soon,Coming soon,False
4012150,BREKEKEKEX,BREKEKEKEX,937,965,-28,28,down,downward_spike,Unpriced (Coming Soon),Unpriced (Coming Soon),False,To be announced,To be announced,False
2359660,Arisen Force: Vonimir,Arisen Force: Vonimir,933,961,-28,28,down,downward_spike,Free,Free,False,Coming soon,Coming soon,False
1163020,The Looter,The Looter,934,962,-28,28,down,downward_spike,Unpriced (Coming Soon),Unpriced (Coming Soon),False,To be announced,To be announced,False
4532500,Atelier Karia: The Night Kingdom & the Guide of Memories,Atelier Karia: The Night Kingdom & the Guide of Memories,935,963,-28,28,down,downward_spike,Unpriced (Coming Soon),Unpriced (Coming Soon),False,To be announced,To be announced,False
3660260,Out Fishing,Out Fishing,932,960,-28,28,down,downward_spike,Free,Free,False,Coming soon,Coming soon,False
4623570,Deskrawl: Idle ARPG,Deskrawl: Idle ARPG,941,969,-28,28,down,downward_spike,Unpriced (Coming Soon),Unpriced (Coming Soon),False,"Sep 28, 2026","Sep 28, 2026",False
5019180,Epic Seven,Epic Seven,1091,1119,-28,28,down,downward_spike,Free,Free,False,2026,2026,False
2184280,Vexlands,Vexlands,956,984,-28,28,down,downward_spike,Free,Free,False,Coming soon,Coming soon,False
2134470,34EVERLAST,34EVERLAST,958,986,-28,28,down,downward_spike,Unpriced (Coming Soon),Unpriced (Coming Soon),False,To be announced,To be announced,False
1842040,Soul Split,Soul Split,982,1010,-28,28,down,downward_spike,Free,Free,False,Coming soon,Coming soon,False
2559740,Tower Of Tears,Tower Of Tears,997,1025,-28,28,down,downward_spike,Unpriced (Coming Soon),Unpriced (Coming Soon),False,2026,2026,False
1362000,Skyclimbers,Skyclimbers,931,959,-28,28,down,downward_spike,Unpriced (Coming Soon),Unpriced (Coming Soon),False,2026,2026,False
3356660,Game Quest: The Backlog Battler,Game Quest: The Backlog Battler,948,976,-28,28,down,downward_spike,Unpriced (Coming Soon),Unpriced (Coming Soon),False,2026,2026,False
4244460,Sealbreakers,Sealbreakers,930,958,-28,28,down,downward_spike,Free,Free,False,Coming soon,Coming soon,False
1722610,Unawake,Unawake,957,985,-28,28,down,downward_spike,Unpriced (Coming Soon),Unpriced (Coming Soon),False,To be announced,To be announced,False
3464670,Dead Watch,Dead Watch,925,953,-28,28,down,downward_spike,Free,Free,False,Coming soon,Coming soon,False
1402820,Hostile Mars,Hostile Mars,854,882,-28,28,down,downward_spike,Free,Free,False,Coming soon,Coming soon,False
2788210,DEEP STATE,DEEP STATE,868,896,-28,28,down,downward_spike,Free,Free,False,Coming soon,Coming soon,False
4892120,ROUTE,ROUTE,884,912,-28,28,down,downward_spike,Free,Free,False,Coming soon,Coming soon,False
3695930,Penguin Colony,Penguin Colony,929,957,-28,28,down,downward_spike,Unpriced (Coming Soon),Unpriced (Coming Soon),False,"Oct 8, 2026","Oct 8, 2026",False
2420570,Portal BAGLEY,Portal BAGLEY,891,919,-28,28,down,downward_spike,Free,Free,False,To be announced,To be announced,False
3164230,THE IRONY,THE IRONY,892,920,-28,28,down,downward_spike,Free,Free,False,Coming soon,Coming soon,False
2389020,Dreadwoods Gatekeeper,Dreadwoods Gatekeeper,885,913,-28,28,down,downward_spike,Unpriced (Coming Soon),Unpriced (Coming Soon),False,To be announced,To be announced,False
1268790,Dark Fracture,Dark Fracture,894,922,-28,28,down,downward_spike,Unpriced (Coming Soon),Unpriced (Coming Soon),False,To be announced,To be announced,False
2083660,Littlelands,Littlelands,896,924,-28,28,down,downward_spike,Unpriced (Coming Soon),Unpriced (Coming Soon),False,To be announced,To be announced,False
2743290,Lazy River,Lazy River,899,927,-28,28,down,downward_spike,Unpriced (Coming Soon),Unpriced (Coming Soon),False,To be announced,To be announced,False
3758090,Necrofane,Necrofane,903,931,-28,28,down,downward_spike,Free,Free,False,2027,2027,False
4413210,Tachyon Flow,Tachyon Flow,919,947,-28,28,down,downward_spike,Free,Free,False,Coming soon,Coming soon,False
1803110,ASCENDANT,ASCENDANT,893,921,-28,28,down,downward_spike,Unpriced (Coming Soon),Unpriced (Coming Soon),False,2026,2026,False
2869850,Lorn Vale,Lorn Vale,890,917,-27,27,down,downward_spike,Unpriced (Coming Soon),Unpriced (Coming Soon),False,To be announced,To be announced,False
4507990,Wo Long 2: Wings of Ember,Wo Long 2: Wings of Ember,955,982,-27,27,down,downward_spike,Free,Free,False,Q1 2027,Q1 2027,False
3620530,Police Stories 2,Police Stories 2,953,980,-27,27,down,downward_spike,Unpriced (Coming Soon),Unpriced (Coming Soon),False,To be announced,To be announced,False
3804370,The Piper of Dawn,The Piper of Dawn,951,978,-27,27,down,downward_spike,Unpriced (Coming Soon),Unpriced (Coming Soon),False,"Sep 22, 2026","Sep 22, 2026",False
3440200,The Holy Fool,The Holy Fool,921,948,-27,27,down,downward_spike,Unpriced (Coming Soon),Unpriced (Coming Soon),False,To be announced,To be announced,False
1879940,Dark Mass,Dark Mass,898,925,-27,27,down,downward_spike,Free,Free,False,Coming soon,Coming soon,False
4420980,Drunkslop: Pub crawl COOP,Drunkslop: Pub crawl COOP,889,916,-27,27,down,downward_spike,Free,Free,False,Coming soon,Coming soon,False
4435340,Anymaker,Anymaker,991,1018,-27,27,down,downward_spike,Unpriced (Coming Soon),Unpriced (Coming Soon),False,2026,2026,False
2228250,Endurance Motorsport Series,Endurance Motorsport Series,870,897,-27,27,down,downward_spike,Free,Free,False,Coming soon,Coming soon,False
2372340,THREEDAYS,THREEDAYS,831,858,-27,27,down,downward_spike,Free,Free,False,Coming soon,Coming soon,False
1403850,Mars Colony Builder,Mars Colony Builder,837,864,-27,27,down,downward_spike,Unpriced (Coming Soon),Unpriced (Coming Soon),False,To be announced,To be announced,False
2702430,Usual June,Usual June,839,866,-27,27,down,downward_spike,Unpriced (Coming Soon),Unpriced (Coming Soon),False,"Oct 28, 2026","Oct 28, 2026",False
4040060,Model Kit Studio,Model Kit Studio,872,899,-27,27,down,downward_spike,Free,Free,False,2027,2027,False
2406140,AIKODE,AIKODE,856,883,-27,27,down,downward_spike,Free,Free,False,Coming soon,Coming soon,False
4704000,Shark Mart,Shark Mart,857,884,-27,27,down,downward_spike,Free,Free,False,Coming soon,Coming soon,False
3325070,Forest Reigns,Forest Reigns,840,867,-27,27,down,downward_spike,Unpriced (Coming Soon),Unpriced (Coming Soon),False,To be announced,To be announced,False
3123060,Warlord: Awaji,Warlord: Awaji,1120,1146,-26,26,down,downward_spike,Unpriced (Coming Soon),Unpriced (Coming Soon),False,"Sep 9, 2026","Sep 9, 2026",False
4047270,Orc Incremental,Orc Incremental,1029,1055,-26,26,down,downward_spike,Unpriced (Coming Soon),Unpriced (Coming Soon),False,"Sep 8, 2026","Sep 8, 2026",False
4336170,Age of Empires IV: Raiders of the North,Age of Empires IV: Raiders of the North,866,892,-26,26,down,downward_spike,Unpriced (Coming Soon),Unpriced (Coming Soon),False,Q4 2026,Q4 2026,False
1343010,Antimatter,Antimatter,968,994,-26,26,down,downward_spike,Unpriced (Coming Soon),Unpriced (Coming Soon),False,To be announced,To be announced,False
2231980,HELLREAPER,HELLREAPER,962,988,-26,26,down,downward_spike,Unpriced (Coming Soon),Unpriced (Coming Soon),False,To be announced,To be announced,False
4691270,Company of Heroes - Definitive Edition,Company of Heroes - Definitive Edition,938,964,-26,26,down,downward_spike,Unpriced (Coming Soon),Unpriced (Coming Soon),False,To be announced,To be announced,False
4618570,Booster Pack Heroes,Booster Pack Heroes,924,950,-26,26,down,downward_spike,Free,Free,False,Coming soon,Coming soon,False
3905010,ONE PIECE: Grand Gourmet,ONE PIECE: Grand Gourmet,907,933,-26,26,down,downward_spike,$19.99,$19.99,False,"Oct 22, 2026","Oct 22, 2026",False
2929290,Stretchmancer,Stretchmancer,897,923,-26,26,down,downward_spike,Free,Free,False,Coming soon,Coming soon,False
3905500,Beware of the Cartographer!,Beware of the Cartographer!,888,914,-26,26,down,downward_spike,Unpriced (Coming Soon),Unpriced (Coming Soon),False,To be announced,To be announced,False
2538870,False Hero,False Hero,973,999,-26,26,down,downward_spike,Unpriced (Coming Soon),Unpriced (Coming Soon),False,"Sep 22, 2026","Sep 22, 2026",False
2676350,Pikuniku 2,Pikuniku 2,855,881,-26,26,down,downward_spike,Free,Free,False,Coming soon,Coming soon,False
3348370,Ship Graveyard Simulator 3,Ship Graveyard Simulator 3,846,872,-26,26,down,downward_spike,Unpriced (Coming Soon),Unpriced (Coming Soon),False,To be announced,To be announced,False
3617990,Star Wrath,Star Wrath,847,873,-26,26,down,downward_spike,Free,Free,False,Q1 2027,Q1 2027,False
2313380,Vicious Red,Vicious Red,825,851,-26,26,down,downward_spike,Unpriced (Coming Soon),Unpriced (Coming Soon),False,To be announced,To be announced,False
2548880,Divine Frequency,Divine Frequency,829,855,-26,26,down,downward_spike,Unpriced (Coming Soon),Unpriced (Coming Soon),False,To be announced,To be announced,False
3602270,Whisk,Whisk,830,856,-26,26,down,downward_spike,Unpriced (Coming Soon),Unpriced (Coming Soon),False,2026,2026,False
1048250,Bowlbo: The Quest for Bing Bing,Bowlbo: The Quest for Bing Bing,824,850,-26,26,down,downward_spike,Free,Free,False,Coming soon,Coming soon,False
3266110,Black Pine: Incident Response,Black Pine: Incident Response,842,868,-26,26,down,downward_spike,Free,Free,False,Coming soon,Coming soon,False
3036260,Wylde Society,Wylde Society,844,870,-26,26,down,downward_spike,Unpriced (Coming Soon),Unpriced (Coming Soon),False,To be announced,To be announced,False
2792320,Critter Crosser,Critter Crosser,845,871,-26,26,down,downward_spike,Unpriced (Coming Soon),Unpriced (Coming Soon),False,To be announced,To be announced,False
4244770,Midnight Watcher: Village,Midnight Watcher: Village,836,862,-26,26,down,downward_spike,Unpriced (Coming Soon),Unpriced (Coming Soon),False,To be announced,To be announced,False
4716160,Hitman Classic Trilogy Remastered,Hitman Classic Trilogy Remastered,849,874,-25,25,down,downward_spike,Free,Free,False,Coming soon,Coming soon,False
1498550,Infinity: HexaDome Tactics,Infinity: HexaDome Tactics,926,951,-25,25,down,downward_spike,Unpriced (Coming Soon),Unpriced (Coming Soon),False,"Sep 10, 2026","Sep 10, 2026",False
2321960,Spirit Crossing,Spirit Crossing,917,942,-25,25,down,downward_spike,Unpriced (Coming Soon),Unpriced (Coming Soon),False,2026,2026,False
395830,LOW-FI,LOW-FI,853,878,-25,25,down,downward_spike,Free,Free,False,Coming soon,Coming soon,False
4049810,Lancer Tactics,Lancer Tactics,852,877,-25,25,down,downward_spike,Free,Free,False,Coming soon,Coming soon,False
2945040,Shot One Fighters,Shot One Fighters,851,876,-25,25,down,downward_spike,Free,Free,False,Coming soon,Coming soon,False
3867130,Rance 01 + 02,Rance 01 + 02,850,875,-25,25,down,downward_spike,Free,Free,False,Coming soon,Coming soon,False
3376960,Nighthold,Nighthold,835,860,-25,25,down,downward_spike,Unpriced (Coming Soon),Unpriced (Coming Soon),False,To be announced,To be announced,False
2613150,Bendy and the Ink Factory,Bendy and the Ink Factory,818,843,-25,25,down,downward_spike,Unpriced (Coming Soon),Unpriced (Coming Soon),False,To be announced,To be announced,False
1238190,Ant Colony: Wild Forest,Ant Colony: Wild Forest,832,857,-25,25,down,downward_spike,Unpriced (Coming Soon),Unpriced (Coming Soon),False,Q4 2026,Q4 2026,False
4487060,Northgard Battlegrounds,Northgard Battlegrounds,828,853,-25,25,down,downward_spike,Unpriced (Coming Soon),Unpriced (Coming Soon),False,2026,2026,False
1871640,The Backworld,The Backworld,827,852,-25,25,down,downward_spike,Free,Free,False,2027,2027,False
3685570,FIGHT-QUEST,FIGHT-QUEST,823,848,-25,25,down,downward_spike,Unpriced (Coming Soon),Unpriced (Coming Soon),False,Q4 2026,Q4 2026,False
1349300,Yakuza Empire,Yakuza Empire,820,845,-25,25,down,downward_spike,Unpriced (Coming Soon),Unpriced (Coming Soon),False,To be announced,To be announced,False
2616100,Plague Lords,Plague Lords,819,844,-25,25,down,downward_spike,Unpriced (Coming Soon),Unpriced (Coming Soon),False,2026,2026,False
2936810,RUINER 2,RUINER 2,834,859,-25,25,down,downward_spike,Free,Free,False,Coming soon,Coming soon,False
5064340,DinoBones: Tidy Up the Museum,DinoBones: Tidy Up the Museum,1076,1100,-24,24,down,downward_spike,Unpriced (Coming Soon),Unpriced (Coming Soon),False,"Sep 22, 2026","Sep 22, 2026",False
3208930,Galvatein : Adventurers' Guild,Galvatein : Adventurers' Guild,981,1005,-24,24,down,downward_spike,Unpriced (Coming Soon),Unpriced (Coming Soon),False,"Sep 22, 2026","Sep 22, 2026",False
4574370,Sword & Banner,Sword & Banner,876,900,-24,24,down,downward_spike,Free,Free,False,Q1 2027,Q1 2027,False
4200110,Nekome: Nazi Hunter,Nekome: Nazi Hunter,871,895,-24,24,down,downward_spike,Free,Free,False,Q1 2027,Q1 2027,False
4717850,Magical Girl Taboo Village,Magical Girl Taboo Village,822,846,-24,24,down,downward_spike,Unpriced (Coming Soon),Unpriced (Coming Soon),False,2026,2026,False
1171980,Neverlooted Dungeon,Neverlooted Dungeon,815,839,-24,24,down,downward_spike,Unpriced (Coming Soon),Unpriced (Coming Soon),False,2026,2026,False
2895410,Monsterest,Monsterest,814,838,-24,24,down,downward_spike,Unpriced (Coming Soon),Unpriced (Coming Soon),False,To be announced,To be announced,False
1963690,ENENRA: DΔEMON CORE,ENENRA: DΔEMON CORE,813,837,-24,24,down,downward_spike,Unpriced (Coming Soon),Unpriced (Coming Soon),False,To be announced,To be announced,False
1167820,Airport Contraband,Airport Contraband,792,816,-24,24,down,downward_spike,Unpriced (Coming Soon),Unpriced (Coming Soon),False,Q4 2026,Q4 2026,False
3183080,Kyoryu,Kyoryu,776,800,-24,24,down,downward_spike,Unpriced (Coming Soon),Unpriced (Coming Soon),False,To be announced,To be announced,False
3431300,Slow Roads,Slow Roads,817,841,-24,24,down,downward_spike,Unpriced (Coming Soon),Unpriced (Coming Soon),False,September 2026,September 2026,False
2679070,IRONHIVE,IRONHIVE,812,835,-23,23,down,downward_spike,Free,Free,False,Coming soon,Coming soon,False
3758950,Death at Fleming Manor,Death at Fleming Manor,905,928,-23,23,down,downward_spike,Unpriced (Coming Soon),Unpriced (Coming Soon),False,"Nov 3, 2026","Nov 3, 2026",False
1688640,Isle Goblin,Isle Goblin,895,918,-23,23,down,downward_spike,Unpriced (Coming Soon),Unpriced (Coming Soon),False,To be announced,To be announced,False
3845010,Lofsöng,Lofsöng,838,861,-23,23,down,downward_spike,Unpriced (Coming Soon),Unpriced (Coming Soon),False,To be announced,To be announced,False
3066300,Sky Dust,Sky Dust,810,833,-23,23,down,downward_spike,Unpriced (Coming Soon),Unpriced (Coming Soon),False,To be announced,To be announced,False
2411200,Underkeep,Underkeep,778,801,-23,23,down,downward_spike,Unpriced (Coming Soon),Unpriced (Coming Soon),False,Q4 2026,Q4 2026,False
3878760,Migration,Migration,804,827,-23,23,down,downward_spike,Unpriced (Coming Soon),Unpriced (Coming Soon),False,To be announced,To be announced,False
4096830,S.O.N.A.R. - Submarine Operators Not Actually Ready,S.O.N.A.R. - Submarine Operators Not Actually Ready,802,825,-23,23,down,downward_spike,Unpriced (Coming Soon),Unpriced (Coming Soon),False,To be announced,To be announced,False
3100690,Dust & Diesel: Deadland Delivery,Dust & Diesel: Deadland Delivery,779,802,-23,23,down,downward_spike,Unpriced (Coming Soon),Unpriced (Coming Soon),False,To be announced,To be announced,False
2444760,Nexomon 3,Nexomon 3,809,832,-23,23,down,downward_spike,Unpriced (Coming Soon),Unpriced (Coming Soon),False,To be announced,To be announced,False
4564150,Titan Hunters,Titan Hunters,798,820,-22,22,down,downward_spike,Unpriced (Coming Soon),Unpriced (Coming Soon),False,To be announced,To be announced,False
4824220,Meltdown Crew,Meltdown Crew,843,865,-22,22,down,downward_spike,Unpriced (Coming Soon),Unpriced (Coming Soon),False,December 2026,December 2026,False
4163270,Half Grip,Half Grip,841,863,-22,22,down,downward_spike,Unpriced (Coming Soon),Unpriced (Coming Soon),False,2026,2026,False
3219360,SOL Shogunate,SOL Shogunate,808,830,-22,22,down,downward_spike,Unpriced (Coming Soon),Unpriced (Coming Soon),False,To be announced,To be announced,False
1606970,Ronin Trail,Ronin Trail,807,829,-22,22,down,downward_spike,Free,Free,False,Coming soon,Coming soon,False
3861710,Otterly Lost,Otterly Lost,867,889,-22,22,down,downward_spike,Unpriced (Coming Soon),Unpriced (Coming Soon),False,"Sep 23, 2026","Sep 23, 2026",False
2541950,Sirens,Sirens,801,823,-22,22,down,downward_spike,Unpriced (Coming Soon),Unpriced (Coming Soon),False,To be announced,To be announced,False
4176460,Dungeons of DUSK,Dungeons of DUSK,800,822,-22,22,down,downward_spike,Free,Free,False,Coming soon,Coming soon,False
694320,UnderRail 2: Infusion,UnderRail 2: Infusion,797,819,-22,22,down,downward_spike,Unpriced (Coming Soon),Unpriced (Coming Soon),False,To be announced,To be announced,False
1445880,ROCKBEASTS,ROCKBEASTS,806,828,-22,22,down,downward_spike,Free,Free,False,Coming soon,Coming soon,False
4278970,Bad Magpie,Bad Magpie,791,813,-22,22,down,downward_spike,Free,Free,False,Coming soon,Coming soon,False
2275860,BAKUDO,BAKUDO,762,784,-22,22,down,downward_spike,Unpriced (Coming Soon),Unpriced (Coming Soon),False,To be announced,To be announced,False
4364730,IGTAP: an Incremental Game That's Also a Platformer,IGTAP: an Incremental Game That's Also a Platformer,767,789,-22,22,down,downward_spike,Unpriced (Coming Soon),Unpriced (Coming Soon),False,"Sep 21, 2026","Sep 21, 2026",False
1879250,Teatopia,Teatopia,781,803,-22,22,down,downward_spike,Unpriced (Coming Soon),Unpriced (Coming Soon),False,To be announced,To be announced,False
2052300,Glaciered,Glaciered,786,808,-22,22,down,downward_spike,Unpriced (Coming Soon),Unpriced (Coming Soon),False,2026,2026,False
2413800,Samurai Pizza Cats: Blast from the Past!,Samurai Pizza Cats: Blast from the Past!,795,817,-22,22,down,downward_spike,Unpriced (Coming Soon),Unpriced (Coming Soon),False,To be announced,To be announced,False
2346870,The Big Lez Video Game,The Big Lez Video Game,788,810,-22,22,down,downward_spike,Free,Free,False,Coming soon,Coming soon,False
4061090,Rift Fishing,Rift Fishing,789,811,-22,22,down,downward_spike,Unpriced (Coming Soon),Unpriced (Coming Soon),False,Q4 2026,Q4 2026,False
2065580,Kitsune: The Journey of Adashino,Kitsune: The Journey of Adashino,790,812,-22,22,down,downward_spike,Unpriced (Coming Soon),Unpriced (Coming Soon),False,Q4 2026,Q4 2026,False
2842310,Among Us Story: On Guard,Among Us Story: On Guard,787,809,-22,22,down,downward_spike,Unpriced (Coming Soon),Unpriced (Coming Soon),False,To be announced,To be announced,False
3170490,Cat Me If You Can,Cat Me If You Can,970,991,-21,21,down,downward_spike,Unpriced (Coming Soon),Unpriced (Coming Soon),False,"Sep 8, 2026","Sep 8, 2026",False
4043740,Hero's Hour 2,Hero's Hour 2,777,798,-21,21,down,downward_spike,Unpriced (Coming Soon),Unpriced (Coming Soon),False,2026,2026,False
2726580,PUBG: DED.NET,PUBG: DED.NET,848,869,-21,21,down,downward_spike,Unpriced (Coming Soon),Unpriced (Coming Soon),False,To be announced,To be announced,False
3335310,Remothered: Red Nun's Legacy,Remothered: Red Nun's Legacy,833,854,-21,21,down,downward_spike,Unpriced (Coming Soon),Unpriced (Coming Soon),False,"Oct 27, 2026","Oct 27, 2026",False
4734550,RollerCoaster Tycoon® Wonderworks,RollerCoaster Tycoon® Wonderworks,821,842,-21,21,down,downward_spike,Free,Free,False,Coming soon,Coming soon,False
4954970,No Body No Problem!,No Body No Problem!,805,826,-21,21,down,downward_spike,Free,Free,False,Coming soon,Coming soon,False
2487330,Stuntman: Hollywood,Stuntman: Hollywood,803,824,-21,21,down,downward_spike,Unpriced (Coming Soon),Unpriced (Coming Soon),False,To be announced,To be announced,False
4383190,Intravenous 3,Intravenous 3,794,815,-21,21,down,downward_spike,Unpriced (Coming Soon),Unpriced (Coming Soon),False,To be announced,To be announced,False
3810050,Rabona,Rabona,785,806,-21,21,down,downward_spike,Unpriced (Coming Soon),Unpriced (Coming Soon),False,2026,2026,False
3477910,The Willowmist Emporium of Antiques & Curiosities,The Willowmist Emporium of Antiques & Curiosities,784,805,-21,21,down,downward_spike,Unpriced (Coming Soon),Unpriced (Coming Soon),False,To be announced,To be announced,False
3264150,Paloma Island,Paloma Island,783,804,-21,21,down,downward_spike,Free,Free,False,Coming soon,Coming soon,False
4356430,NBA 2K27,NBA 2K27,928,949,-21,21,down,downward_spike,$69.99,$69.99,False,"Sep 3, 2026","Sep 3, 2026",False
3473430,All Our Broken Parts,All Our Broken Parts,774,795,-21,21,down,downward_spike,Unpriced (Coming Soon),Unpriced (Coming Soon),False,To be announced,To be announced,False
2220860,TSURUGIHIME,TSURUGIHIME,770,791,-21,21,down,downward_spike,Unpriced (Coming Soon),Unpriced (Coming Soon),False,To be announced,To be announced,False
4090310,Primal Repairs,Primal Repairs,772,793,-21,21,down,downward_spike,Free,Free,False,Coming soon,Coming soon,False
3812830,Tiny Delivery,Tiny Delivery,700,721,-21,21,down,downward_spike,Free,Free,False,Coming soon,Coming soon,False
1104600,Rune Fencer Illyia,Rune Fencer Illyia,720,741,-21,21,down,downward_spike,Unpriced (Coming Soon),Unpriced (Coming Soon),False,2026,2026,False
4358270,Pickmos,Pickmos,723,744,-21,21,down,downward_spike,Unpriced (Coming Soon),Unpriced (Coming Soon),False,To be announced,To be announced,False
1368050,La Mer La Guerre,La Mer La Guerre,742,763,-21,21,down,downward_spike,Unpriced (Coming Soon),Unpriced (Coming Soon),False,To be announced,To be announced,False
1937070,Engines Of Destruction,Engines Of Destruction,699,720,-21,21,down,downward_spike,Free,Free,False,Coming soon,Coming soon,False
3038500,Cooking Simulator 2: Prologue,Cooking Simulator 2: Prologue,750,771,-21,21,down,downward_spike,Free,Free,False,Coming soon,Coming soon,False
2885330,Fractured Mind,Fractured Mind,764,785,-21,21,down,downward_spike,Free,Free,False,2026,2026,False
4018380,Chronoscript: The Endless End,Chronoscript: The Endless End,765,786,-21,21,down,downward_spike,Unpriced (Coming Soon),Unpriced (Coming Soon),False,2026,2026,False
3867570,Stellar Trader,Stellar Trader,766,787,-21,21,down,downward_spike,Unpriced (Coming Soon),Unpriced (Coming Soon),False,To be announced,To be announced,False
3714000,Rogue Carrier,Rogue Carrier,769,790,-21,21,down,downward_spike,Free,Free,False,Coming soon,Coming soon,False
2666580,Pathfinder: Abomination Vaults,Pathfinder: Abomination Vaults,743,764,-21,21,down,downward_spike,Unpriced (Coming Soon),Unpriced (Coming Soon),False,To be announced,To be announced,False
3948160,Waste The Fallen,Waste The Fallen,865,885,-20,20,down,downward_spike,Free,Free,False,Coming soon,Coming soon,False
4190710,Shady job,Shady job,816,836,-20,20,down,downward_spike,Unpriced (Coming Soon),Unpriced (Coming Soon),False,"Sep 10, 2026","Sep 10, 2026",False
3551140,Hoarder,Hoarder,811,831,-20,20,down,downward_spike,Unpriced (Coming Soon),Unpriced (Coming Soon),False,To be announced,To be announced,False
3809080,Never Wither,Never Wither,763,783,-20,20,down,downward_spike,Free,Free,False,Coming soon,Coming soon,False
2355020,Lost Hellden,Lost Hellden,746,766,-20,20,down,downward_spike,Unpriced (Coming Soon),Unpriced (Coming Soon),False,2026,2026,False
1511480,AlterLife,AlterLife,757,777,-20,20,down,downward_spike,Unpriced (Coming Soon),Unpriced (Coming Soon),False,To be announced,To be announced,False
3922000,Neighborhoods,Neighborhoods,734,754,-20,20,down,downward_spike,Unpriced (Coming Soon),Unpriced (Coming Soon),False,To be announced,To be announced,False
3024130,PAO PAO,PAO PAO,733,753,-20,20,down,downward_spike,Unpriced (Coming Soon),Unpriced (Coming Soon),False,Q4 2026,Q4 2026,False
3804800,DUST: Origins,DUST: Origins,881,901,-20,20,down,downward_spike,Unpriced (Coming Soon),Unpriced (Coming Soon),False,To be announced,To be announced,False
2400980,AMONG THE WILD,AMONG THE WILD,760,780,-20,20,down,downward_spike,Unpriced (Coming Soon),Unpriced (Coming Soon),False,To be announced,To be announced,False
4241920,BRAZILIAN DRUG DEALER BEFORE 4: DEMONS FROM THE PORTAL TO HELL I OPENED ARE STILL IN THE FAVELA AND NOW I HAVE TO SAVE MAMADAS FROM RONALDO,BRAZILIAN DRUG DEALER BEFORE 4: DEMONS FROM THE PORTAL TO HELL I OPENED ARE STILL IN THE FAVELA AND NOW I HAVE TO SAVE MAMADAS FROM RONALDO,883,903,-20,20,down,downward_spike,Unpriced (Coming Soon),Unpriced (Coming Soon),False,"Sep 16, 2026","Sep 16, 2026",False
